config_id,run_id,config,metrics,nodes_count
49,1,"{'name': 'gp', 'scaling': True, 'oversampling': False, 'config': {'pop_size': 100, 'n_iter': 1000, 'elitism': True, 'n_elites': 1, 'init_depth': 6, 'initializer': 'rhh', 'tournament_size': 2, 'prob_const': 0.2, 'tree_functions': ['add', 'subtract', 'multiply', 'divide'], 'tree_constants': [-10.0, -9.9, -9.8, -9.7, -9.6, -9.5, -9.4, -9.3, -9.2, -9.1, -9.0, -8.9, -8.8, -8.7, -8.6, -8.5, -8.4, -8.3, -8.2, -8.1, -8.0, -7.9, -7.8, -7.7, -7.6, -7.5, -7.4, -7.3, -7.2, -7.1, -7.0, -6.9, -6.8, -6.7, -6.6, -6.5, -6.4, -6.3, -6.2, -6.1, -6.0, -5.9, -5.8, -5.7, -5.6, -5.5, -5.4, -5.3, -5.2, -5.1, -5.0, -4.9, -4.8, -4.7, -4.6, -4.5, -4.4, -4.3, -4.2, -4.1, -4.0, -3.9, -3.8, -3.7, -3.6, -3.5, -3.4, -3.3, -3.2, -3.1, -3.0, -2.9, -2.8, -2.7, -2.6, -2.5, -2.4, -2.3, -2.2, -2.1, -2.0, -1.9, -1.8, -1.7, -1.6, -1.5, -1.4, -1.3, -1.2, -1.1, -1.0, -0.9, -0.8, -0.7, -0.6, -0.5, -0.4, -0.3, -0.2, -0.1, 0.0, 0.1, 0.2, 0.3, 0.4, 0.5, 0.6, 0.7, 0.8, 0.9, 1.0, 1.1, 1.2, 1.3, 1.4, 1.5, 1.6, 1.7, 1.8, 1.9, 2.0, 2.1, 2.2, 2.3, 2.4, 2.5, 2.6, 2.7, 2.8, 2.9, 3.0, 3.1, 3.2, 3.3, 3.4, 3.5, 3.6, 3.7, 3.8, 3.9, 4.0, 4.1, 4.2, 4.3, 4.4, 4.5, 4.6, 4.7, 4.8, 4.9, 5.0, 5.1, 5.2, 5.3, 5.4, 5.5, 5.6, 5.7, 5.8, 5.9, 6.0, 6.1, 6.2, 6.3, 6.4, 6.5, 6.6, 6.7, 6.8, 6.9, 7.0, 7.1, 7.2, 7.3, 7.4, 7.5, 7.6, 7.7, 7.8, 7.9, 8.0, 8.1, 8.2, 8.3, 8.4, 8.5, 8.6, 8.7, 8.8, 8.9, 9.0, 9.1, 9.2, 9.3, 9.4, 9.5, 9.6, 9.7, 9.8, 9.9, 10.0], 'fitness_function': 'sigmoid_rmse', 'minimization': True, 'seed': 1, 'log_path': '../../data/results/RQ_Comparison/heart/log_config_id_49.csv', 'verbose': False, 'log_level': 1, 'test_elite': True, 'p_xo': 0.8, 'max_depth': 17}}","{'train': {'rmse': 0.30804678797721863, 'wrmse': 0.3483883738517761, 'accuracy': 0.880382776260376, 'roc_auc': 0.9346226453781128, 'f1_score': 0.7967479825019836, 'precision': 0.875, 'recall': 0.7313432693481445}, 'test': {'rmse': 0.44453486800193787, 'wrmse': 0.5067009925842285, 'accuracy': 0.7444444298744202, 'roc_auc': 0.822498619556427, 'f1_score': 0.5306122303009033, 'precision': 0.6499999761581421, 'recall': 0.4482758641242981}}",307
49,2,"{'name': 'gp', 'scaling': True, 'oversampling': False, 'config': {'pop_size': 100, 'n_iter': 1000, 'elitism': True, 'n_elites': 1, 'init_depth': 6, 'initializer': 'rhh', 'tournament_size': 2, 'prob_const': 0.2, 'tree_functions': ['add', 'subtract', 'multiply', 'divide'], 'tree_constants': [-10.0, -9.9, -9.8, -9.7, -9.6, -9.5, -9.4, -9.3, -9.2, -9.1, -9.0, -8.9, -8.8, -8.7, -8.6, -8.5, -8.4, -8.3, -8.2, -8.1, -8.0, -7.9, -7.8, -7.7, -7.6, -7.5, -7.4, -7.3, -7.2, -7.1, -7.0, -6.9, -6.8, -6.7, -6.6, -6.5, -6.4, -6.3, -6.2, -6.1, -6.0, -5.9, -5.8, -5.7, -5.6, -5.5, -5.4, -5.3, -5.2, -5.1, -5.0, -4.9, -4.8, -4.7, -4.6, -4.5, -4.4, -4.3, -4.2, -4.1, -4.0, -3.9, -3.8, -3.7, -3.6, -3.5, -3.4, -3.3, -3.2, -3.1, -3.0, -2.9, -2.8, -2.7, -2.6, -2.5, -2.4, -2.3, -2.2, -2.1, -2.0, -1.9, -1.8, -1.7, -1.6, -1.5, -1.4, -1.3, -1.2, -1.1, -1.0, -0.9, -0.8, -0.7, -0.6, -0.5, -0.4, -0.3, -0.2, -0.1, 0.0, 0.1, 0.2, 0.3, 0.4, 0.5, 0.6, 0.7, 0.8, 0.9, 1.0, 1.1, 1.2, 1.3, 1.4, 1.5, 1.6, 1.7, 1.8, 1.9, 2.0, 2.1, 2.2, 2.3, 2.4, 2.5, 2.6, 2.7, 2.8, 2.9, 3.0, 3.1, 3.2, 3.3, 3.4, 3.5, 3.6, 3.7, 3.8, 3.9, 4.0, 4.1, 4.2, 4.3, 4.4, 4.5, 4.6, 4.7, 4.8, 4.9, 5.0, 5.1, 5.2, 5.3, 5.4, 5.5, 5.6, 5.7, 5.8, 5.9, 6.0, 6.1, 6.2, 6.3, 6.4, 6.5, 6.6, 6.7, 6.8, 6.9, 7.0, 7.1, 7.2, 7.3, 7.4, 7.5, 7.6, 7.7, 7.8, 7.9, 8.0, 8.1, 8.2, 8.3, 8.4, 8.5, 8.6, 8.7, 8.8, 8.9, 9.0, 9.1, 9.2, 9.3, 9.4, 9.5, 9.6, 9.7, 9.8, 9.9, 10.0], 'fitness_function': 'sigmoid_rmse', 'minimization': True, 'seed': 2, 'log_path': '../../data/results/RQ_Comparison/heart/log_config_id_49.csv', 'verbose': False, 'log_level': 1, 'test_elite': True, 'p_xo': 0.8, 'max_depth': 17}}","{'train': {'rmse': 0.33844664692878723, 'wrmse': 0.3863355219364166, 'accuracy': 0.8421052694320679, 'roc_auc': 0.8837502598762512, 'f1_score': 0.7272727489471436, 'precision': 0.8148148059844971, 'recall': 0.6567164063453674}, 'test': {'rmse': 0.3864547610282898, 'wrmse': 0.45077717304229736, 'accuracy': 0.8111110925674438, 'roc_auc': 0.794799268245697, 'f1_score': 0.6530612111091614, 'precision': 0.800000011920929, 'recall': 0.5517241358757019}}",1041
49,3,"{'name': 'gp', 'scaling': True, 'oversampling': False, 'config': {'pop_size': 100, 'n_iter': 1000, 'elitism': True, 'n_elites': 1, 'init_depth': 6, 'initializer': 'rhh', 'tournament_size': 2, 'prob_const': 0.2, 'tree_functions': ['add', 'subtract', 'multiply', 'divide'], 'tree_constants': [-10.0, -9.9, -9.8, -9.7, -9.6, -9.5, -9.4, -9.3, -9.2, -9.1, -9.0, -8.9, -8.8, -8.7, -8.6, -8.5, -8.4, -8.3, -8.2, -8.1, -8.0, -7.9, -7.8, -7.7, -7.6, -7.5, -7.4, -7.3, -7.2, -7.1, -7.0, -6.9, -6.8, -6.7, -6.6, -6.5, -6.4, -6.3, -6.2, -6.1, -6.0, -5.9, -5.8, -5.7, -5.6, -5.5, -5.4, -5.3, -5.2, -5.1, -5.0, -4.9, -4.8, -4.7, -4.6, -4.5, -4.4, -4.3, -4.2, -4.1, -4.0, -3.9, -3.8, -3.7, -3.6, -3.5, -3.4, -3.3, -3.2, -3.1, -3.0, -2.9, -2.8, -2.7, -2.6, -2.5, -2.4, -2.3, -2.2, -2.1, -2.0, -1.9, -1.8, -1.7, -1.6, -1.5, -1.4, -1.3, -1.2, -1.1, -1.0, -0.9, -0.8, -0.7, -0.6, -0.5, -0.4, -0.3, -0.2, -0.1, 0.0, 0.1, 0.2, 0.3, 0.4, 0.5, 0.6, 0.7, 0.8, 0.9, 1.0, 1.1, 1.2, 1.3, 1.4, 1.5, 1.6, 1.7, 1.8, 1.9, 2.0, 2.1, 2.2, 2.3, 2.4, 2.5, 2.6, 2.7, 2.8, 2.9, 3.0, 3.1, 3.2, 3.3, 3.4, 3.5, 3.6, 3.7, 3.8, 3.9, 4.0, 4.1, 4.2, 4.3, 4.4, 4.5, 4.6, 4.7, 4.8, 4.9, 5.0, 5.1, 5.2, 5.3, 5.4, 5.5, 5.6, 5.7, 5.8, 5.9, 6.0, 6.1, 6.2, 6.3, 6.4, 6.5, 6.6, 6.7, 6.8, 6.9, 7.0, 7.1, 7.2, 7.3, 7.4, 7.5, 7.6, 7.7, 7.8, 7.9, 8.0, 8.1, 8.2, 8.3, 8.4, 8.5, 8.6, 8.7, 8.8, 8.9, 9.0, 9.1, 9.2, 9.3, 9.4, 9.5, 9.6, 9.7, 9.8, 9.9, 10.0], 'fitness_function': 'sigmoid_rmse', 'minimization': True, 'seed': 3, 'log_path': '../../data/results/RQ_Comparison/heart/log_config_id_49.csv', 'verbose': False, 'log_level': 1, 'test_elite': True, 'p_xo': 0.8, 'max_depth': 17}}","{'train': {'rmse': 0.3465680181980133, 'wrmse': 0.396801233291626, 'accuracy': 0.8181818127632141, 'roc_auc': 0.885116696357727, 'f1_score': 0.6779661178588867, 'precision': 0.7843137383460999, 'recall': 0.5970149040222168}, 'test': {'rmse': 0.29643768072128296, 'wrmse': 0.3463008403778076, 'accuracy': 0.8666666746139526, 'roc_auc': 0.9581684470176697, 'f1_score': 0.7599999904632568, 'precision': 0.9047619104385376, 'recall': 0.6551724076271057}}",49
49,4,"{'name': 'gp', 'scaling': True, 'oversampling': False, 'config': {'pop_size': 100, 'n_iter': 1000, 'elitism': True, 'n_elites': 1, 'init_depth': 6, 'initializer': 'rhh', 'tournament_size': 2, 'prob_const': 0.2, 'tree_functions': ['add', 'subtract', 'multiply', 'divide'], 'tree_constants': [-10.0, -9.9, -9.8, -9.7, -9.6, -9.5, -9.4, -9.3, -9.2, -9.1, -9.0, -8.9, -8.8, -8.7, -8.6, -8.5, -8.4, -8.3, -8.2, -8.1, -8.0, -7.9, -7.8, -7.7, -7.6, -7.5, -7.4, -7.3, -7.2, -7.1, -7.0, -6.9, -6.8, -6.7, -6.6, -6.5, -6.4, -6.3, -6.2, -6.1, -6.0, -5.9, -5.8, -5.7, -5.6, -5.5, -5.4, -5.3, -5.2, -5.1, -5.0, -4.9, -4.8, -4.7, -4.6, -4.5, -4.4, -4.3, -4.2, -4.1, -4.0, -3.9, -3.8, -3.7, -3.6, -3.5, -3.4, -3.3, -3.2, -3.1, -3.0, -2.9, -2.8, -2.7, -2.6, -2.5, -2.4, -2.3, -2.2, -2.1, -2.0, -1.9, -1.8, -1.7, -1.6, -1.5, -1.4, -1.3, -1.2, -1.1, -1.0, -0.9, -0.8, -0.7, -0.6, -0.5, -0.4, -0.3, -0.2, -0.1, 0.0, 0.1, 0.2, 0.3, 0.4, 0.5, 0.6, 0.7, 0.8, 0.9, 1.0, 1.1, 1.2, 1.3, 1.4, 1.5, 1.6, 1.7, 1.8, 1.9, 2.0, 2.1, 2.2, 2.3, 2.4, 2.5, 2.6, 2.7, 2.8, 2.9, 3.0, 3.1, 3.2, 3.3, 3.4, 3.5, 3.6, 3.7, 3.8, 3.9, 4.0, 4.1, 4.2, 4.3, 4.4, 4.5, 4.6, 4.7, 4.8, 4.9, 5.0, 5.1, 5.2, 5.3, 5.4, 5.5, 5.6, 5.7, 5.8, 5.9, 6.0, 6.1, 6.2, 6.3, 6.4, 6.5, 6.6, 6.7, 6.8, 6.9, 7.0, 7.1, 7.2, 7.3, 7.4, 7.5, 7.6, 7.7, 7.8, 7.9, 8.0, 8.1, 8.2, 8.3, 8.4, 8.5, 8.6, 8.7, 8.8, 8.9, 9.0, 9.1, 9.2, 9.3, 9.4, 9.5, 9.6, 9.7, 9.8, 9.9, 10.0], 'fitness_function': 'sigmoid_rmse', 'minimization': True, 'seed': 4, 'log_path': '../../data/results/RQ_Comparison/heart/log_config_id_49.csv', 'verbose': False, 'log_level': 1, 'test_elite': True, 'p_xo': 0.8, 'max_depth': 17}}","{'train': {'rmse': 0.30234840512275696, 'wrmse': 0.327086865901947, 'accuracy': 0.89952152967453, 'roc_auc': 0.9246374368667603, 'f1_score': 0.8346456289291382, 'precision': 0.8833333253860474, 'recall': 0.7910447716712952}, 'test': {'rmse': 0.37367406487464905, 'wrmse': 0.3847915232181549, 'accuracy': 0.800000011920929, 'roc_auc': 0.8801583051681519, 'f1_score': 0.699999988079071, 'precision': 0.6774193644523621, 'recall': 0.7241379022598267}}",413
49,5,"{'name': 'gp', 'scaling': True, 'oversampling': False, 'config': {'pop_size': 100, 'n_iter': 1000, 'elitism': True, 'n_elites': 1, 'init_depth': 6, 'initializer': 'rhh', 'tournament_size': 2, 'prob_const': 0.2, 'tree_functions': ['add', 'subtract', 'multiply', 'divide'], 'tree_constants': [-10.0, -9.9, -9.8, -9.7, -9.6, -9.5, -9.4, -9.3, -9.2, -9.1, -9.0, -8.9, -8.8, -8.7, -8.6, -8.5, -8.4, -8.3, -8.2, -8.1, -8.0, -7.9, -7.8, -7.7, -7.6, -7.5, -7.4, -7.3, -7.2, -7.1, -7.0, -6.9, -6.8, -6.7, -6.6, -6.5, -6.4, -6.3, -6.2, -6.1, -6.0, -5.9, -5.8, -5.7, -5.6, -5.5, -5.4, -5.3, -5.2, -5.1, -5.0, -4.9, -4.8, -4.7, -4.6, -4.5, -4.4, -4.3, -4.2, -4.1, -4.0, -3.9, -3.8, -3.7, -3.6, -3.5, -3.4, -3.3, -3.2, -3.1, -3.0, -2.9, -2.8, -2.7, -2.6, -2.5, -2.4, -2.3, -2.2, -2.1, -2.0, -1.9, -1.8, -1.7, -1.6, -1.5, -1.4, -1.3, -1.2, -1.1, -1.0, -0.9, -0.8, -0.7, -0.6, -0.5, -0.4, -0.3, -0.2, -0.1, 0.0, 0.1, 0.2, 0.3, 0.4, 0.5, 0.6, 0.7, 0.8, 0.9, 1.0, 1.1, 1.2, 1.3, 1.4, 1.5, 1.6, 1.7, 1.8, 1.9, 2.0, 2.1, 2.2, 2.3, 2.4, 2.5, 2.6, 2.7, 2.8, 2.9, 3.0, 3.1, 3.2, 3.3, 3.4, 3.5, 3.6, 3.7, 3.8, 3.9, 4.0, 4.1, 4.2, 4.3, 4.4, 4.5, 4.6, 4.7, 4.8, 4.9, 5.0, 5.1, 5.2, 5.3, 5.4, 5.5, 5.6, 5.7, 5.8, 5.9, 6.0, 6.1, 6.2, 6.3, 6.4, 6.5, 6.6, 6.7, 6.8, 6.9, 7.0, 7.1, 7.2, 7.3, 7.4, 7.5, 7.6, 7.7, 7.8, 7.9, 8.0, 8.1, 8.2, 8.3, 8.4, 8.5, 8.6, 8.7, 8.8, 8.9, 9.0, 9.1, 9.2, 9.3, 9.4, 9.5, 9.6, 9.7, 9.8, 9.9, 10.0], 'fitness_function': 'sigmoid_rmse', 'minimization': True, 'seed': 5, 'log_path': '../../data/results/RQ_Comparison/heart/log_config_id_49.csv', 'verbose': False, 'log_level': 1, 'test_elite': True, 'p_xo': 0.8, 'max_depth': 17}}","{'train': {'rmse': 0.3022713363170624, 'wrmse': 0.3236145079135895, 'accuracy': 0.8947368264198303, 'roc_auc': 0.9312592148780823, 'f1_score': 0.8253968358039856, 'precision': 0.8813559412956238, 'recall': 0.7761194109916687}, 'test': {'rmse': 0.37072479724884033, 'wrmse': 0.3920423090457916, 'accuracy': 0.8333333134651184, 'roc_auc': 0.8722442388534546, 'f1_score': 0.7272727489471436, 'precision': 0.7692307829856873, 'recall': 0.6896551847457886}}",1279
49,6,"{'name': 'gp', 'scaling': True, 'oversampling': False, 'config': {'pop_size': 100, 'n_iter': 1000, 'elitism': True, 'n_elites': 1, 'init_depth': 6, 'initializer': 'rhh', 'tournament_size': 2, 'prob_const': 0.2, 'tree_functions': ['add', 'subtract', 'multiply', 'divide'], 'tree_constants': [-10.0, -9.9, -9.8, -9.7, -9.6, -9.5, -9.4, -9.3, -9.2, -9.1, -9.0, -8.9, -8.8, -8.7, -8.6, -8.5, -8.4, -8.3, -8.2, -8.1, -8.0, -7.9, -7.8, -7.7, -7.6, -7.5, -7.4, -7.3, -7.2, -7.1, -7.0, -6.9, -6.8, -6.7, -6.6, -6.5, -6.4, -6.3, -6.2, -6.1, -6.0, -5.9, -5.8, -5.7, -5.6, -5.5, -5.4, -5.3, -5.2, -5.1, -5.0, -4.9, -4.8, -4.7, -4.6, -4.5, -4.4, -4.3, -4.2, -4.1, -4.0, -3.9, -3.8, -3.7, -3.6, -3.5, -3.4, -3.3, -3.2, -3.1, -3.0, -2.9, -2.8, -2.7, -2.6, -2.5, -2.4, -2.3, -2.2, -2.1, -2.0, -1.9, -1.8, -1.7, -1.6, -1.5, -1.4, -1.3, -1.2, -1.1, -1.0, -0.9, -0.8, -0.7, -0.6, -0.5, -0.4, -0.3, -0.2, -0.1, 0.0, 0.1, 0.2, 0.3, 0.4, 0.5, 0.6, 0.7, 0.8, 0.9, 1.0, 1.1, 1.2, 1.3, 1.4, 1.5, 1.6, 1.7, 1.8, 1.9, 2.0, 2.1, 2.2, 2.3, 2.4, 2.5, 2.6, 2.7, 2.8, 2.9, 3.0, 3.1, 3.2, 3.3, 3.4, 3.5, 3.6, 3.7, 3.8, 3.9, 4.0, 4.1, 4.2, 4.3, 4.4, 4.5, 4.6, 4.7, 4.8, 4.9, 5.0, 5.1, 5.2, 5.3, 5.4, 5.5, 5.6, 5.7, 5.8, 5.9, 6.0, 6.1, 6.2, 6.3, 6.4, 6.5, 6.6, 6.7, 6.8, 6.9, 7.0, 7.1, 7.2, 7.3, 7.4, 7.5, 7.6, 7.7, 7.8, 7.9, 8.0, 8.1, 8.2, 8.3, 8.4, 8.5, 8.6, 8.7, 8.8, 8.9, 9.0, 9.1, 9.2, 9.3, 9.4, 9.5, 9.6, 9.7, 9.8, 9.9, 10.0], 'fitness_function': 'sigmoid_rmse', 'minimization': True, 'seed': 6, 'log_path': '../../data/results/RQ_Comparison/heart/log_config_id_49.csv', 'verbose': False, 'log_level': 1, 'test_elite': True, 'p_xo': 0.8, 'max_depth': 17}}","{'train': {'rmse': 0.3260496258735657, 'wrmse': 0.358641654253006, 'accuracy': 0.8660287261009216, 'roc_auc': 0.9193819761276245, 'f1_score': 0.7777777314186096, 'precision': 0.8305084705352783, 'recall': 0.7313432693481445}, 'test': {'rmse': 0.3637361526489258, 'wrmse': 0.3900488615036011, 'accuracy': 0.8444444537162781, 'roc_auc': 0.8547201752662659, 'f1_score': 0.7586206793785095, 'precision': 0.7586206793785095, 'recall': 0.7586206793785095}}",137
49,7,"{'name': 'gp', 'scaling': True, 'oversampling': False, 'config': {'pop_size': 100, 'n_iter': 1000, 'elitism': True, 'n_elites': 1, 'init_depth': 6, 'initializer': 'rhh', 'tournament_size': 2, 'prob_const': 0.2, 'tree_functions': ['add', 'subtract', 'multiply', 'divide'], 'tree_constants': [-10.0, -9.9, -9.8, -9.7, -9.6, -9.5, -9.4, -9.3, -9.2, -9.1, -9.0, -8.9, -8.8, -8.7, -8.6, -8.5, -8.4, -8.3, -8.2, -8.1, -8.0, -7.9, -7.8, -7.7, -7.6, -7.5, -7.4, -7.3, -7.2, -7.1, -7.0, -6.9, -6.8, -6.7, -6.6, -6.5, -6.4, -6.3, -6.2, -6.1, -6.0, -5.9, -5.8, -5.7, -5.6, -5.5, -5.4, -5.3, -5.2, -5.1, -5.0, -4.9, -4.8, -4.7, -4.6, -4.5, -4.4, -4.3, -4.2, -4.1, -4.0, -3.9, -3.8, -3.7, -3.6, -3.5, -3.4, -3.3, -3.2, -3.1, -3.0, -2.9, -2.8, -2.7, -2.6, -2.5, -2.4, -2.3, -2.2, -2.1, -2.0, -1.9, -1.8, -1.7, -1.6, -1.5, -1.4, -1.3, -1.2, -1.1, -1.0, -0.9, -0.8, -0.7, -0.6, -0.5, -0.4, -0.3, -0.2, -0.1, 0.0, 0.1, 0.2, 0.3, 0.4, 0.5, 0.6, 0.7, 0.8, 0.9, 1.0, 1.1, 1.2, 1.3, 1.4, 1.5, 1.6, 1.7, 1.8, 1.9, 2.0, 2.1, 2.2, 2.3, 2.4, 2.5, 2.6, 2.7, 2.8, 2.9, 3.0, 3.1, 3.2, 3.3, 3.4, 3.5, 3.6, 3.7, 3.8, 3.9, 4.0, 4.1, 4.2, 4.3, 4.4, 4.5, 4.6, 4.7, 4.8, 4.9, 5.0, 5.1, 5.2, 5.3, 5.4, 5.5, 5.6, 5.7, 5.8, 5.9, 6.0, 6.1, 6.2, 6.3, 6.4, 6.5, 6.6, 6.7, 6.8, 6.9, 7.0, 7.1, 7.2, 7.3, 7.4, 7.5, 7.6, 7.7, 7.8, 7.9, 8.0, 8.1, 8.2, 8.3, 8.4, 8.5, 8.6, 8.7, 8.8, 8.9, 9.0, 9.1, 9.2, 9.3, 9.4, 9.5, 9.6, 9.7, 9.8, 9.9, 10.0], 'fitness_function': 'sigmoid_rmse', 'minimization': True, 'seed': 7, 'log_path': '../../data/results/RQ_Comparison/heart/log_config_id_49.csv', 'verbose': False, 'log_level': 1, 'test_elite': True, 'p_xo': 0.8, 'max_depth': 17}}","{'train': {'rmse': 0.3337911367416382, 'wrmse': 0.3711233139038086, 'accuracy': 0.8612440228462219, 'roc_auc': 0.9061383008956909, 'f1_score': 0.7603306174278259, 'precision': 0.8518518805503845, 'recall': 0.6865671873092651}, 'test': {'rmse': 0.38630688190460205, 'wrmse': 0.41268402338027954, 'accuracy': 0.800000011920929, 'roc_auc': 0.8439797163009644, 'f1_score': 0.6785714626312256, 'precision': 0.7037037014961243, 'recall': 0.6551724076271057}}",147
49,8,"{'name': 'gp', 'scaling': True, 'oversampling': False, 'config': {'pop_size': 100, 'n_iter': 1000, 'elitism': True, 'n_elites': 1, 'init_depth': 6, 'initializer': 'rhh', 'tournament_size': 2, 'prob_const': 0.2, 'tree_functions': ['add', 'subtract', 'multiply', 'divide'], 'tree_constants': [-10.0, -9.9, -9.8, -9.7, -9.6, -9.5, -9.4, -9.3, -9.2, -9.1, -9.0, -8.9, -8.8, -8.7, -8.6, -8.5, -8.4, -8.3, -8.2, -8.1, -8.0, -7.9, -7.8, -7.7, -7.6, -7.5, -7.4, -7.3, -7.2, -7.1, -7.0, -6.9, -6.8, -6.7, -6.6, -6.5, -6.4, -6.3, -6.2, -6.1, -6.0, -5.9, -5.8, -5.7, -5.6, -5.5, -5.4, -5.3, -5.2, -5.1, -5.0, -4.9, -4.8, -4.7, -4.6, -4.5, -4.4, -4.3, -4.2, -4.1, -4.0, -3.9, -3.8, -3.7, -3.6, -3.5, -3.4, -3.3, -3.2, -3.1, -3.0, -2.9, -2.8, -2.7, -2.6, -2.5, -2.4, -2.3, -2.2, -2.1, -2.0, -1.9, -1.8, -1.7, -1.6, -1.5, -1.4, -1.3, -1.2, -1.1, -1.0, -0.9, -0.8, -0.7, -0.6, -0.5, -0.4, -0.3, -0.2, -0.1, 0.0, 0.1, 0.2, 0.3, 0.4, 0.5, 0.6, 0.7, 0.8, 0.9, 1.0, 1.1, 1.2, 1.3, 1.4, 1.5, 1.6, 1.7, 1.8, 1.9, 2.0, 2.1, 2.2, 2.3, 2.4, 2.5, 2.6, 2.7, 2.8, 2.9, 3.0, 3.1, 3.2, 3.3, 3.4, 3.5, 3.6, 3.7, 3.8, 3.9, 4.0, 4.1, 4.2, 4.3, 4.4, 4.5, 4.6, 4.7, 4.8, 4.9, 5.0, 5.1, 5.2, 5.3, 5.4, 5.5, 5.6, 5.7, 5.8, 5.9, 6.0, 6.1, 6.2, 6.3, 6.4, 6.5, 6.6, 6.7, 6.8, 6.9, 7.0, 7.1, 7.2, 7.3, 7.4, 7.5, 7.6, 7.7, 7.8, 7.9, 8.0, 8.1, 8.2, 8.3, 8.4, 8.5, 8.6, 8.7, 8.8, 8.9, 9.0, 9.1, 9.2, 9.3, 9.4, 9.5, 9.6, 9.7, 9.8, 9.9, 10.0], 'fitness_function': 'sigmoid_rmse', 'minimization': True, 'seed': 8, 'log_path': '../../data/results/RQ_Comparison/heart/log_config_id_49.csv', 'verbose': False, 'log_level': 1, 'test_elite': True, 'p_xo': 0.8, 'max_depth': 17}}","{'train': {'rmse': 0.339809775352478, 'wrmse': 0.35576263070106506, 'accuracy': 0.8468899726867676, 'roc_auc': 0.9131804704666138, 'f1_score': 0.7647058963775635, 'precision': 0.7536231875419617, 'recall': 0.7761194109916687}, 'test': {'rmse': 0.37763264775276184, 'wrmse': 0.4032798409461975, 'accuracy': 0.800000011920929, 'roc_auc': 0.8524590134620667, 'f1_score': 0.6666666865348816, 'precision': 0.7200000286102295, 'recall': 0.6206896305084229}}",1141
49,9,"{'name': 'gp', 'scaling': True, 'oversampling': False, 'config': {'pop_size': 100, 'n_iter': 1000, 'elitism': True, 'n_elites': 1, 'init_depth': 6, 'initializer': 'rhh', 'tournament_size': 2, 'prob_const': 0.2, 'tree_functions': ['add', 'subtract', 'multiply', 'divide'], 'tree_constants': [-10.0, -9.9, -9.8, -9.7, -9.6, -9.5, -9.4, -9.3, -9.2, -9.1, -9.0, -8.9, -8.8, -8.7, -8.6, -8.5, -8.4, -8.3, -8.2, -8.1, -8.0, -7.9, -7.8, -7.7, -7.6, -7.5, -7.4, -7.3, -7.2, -7.1, -7.0, -6.9, -6.8, -6.7, -6.6, -6.5, -6.4, -6.3, -6.2, -6.1, -6.0, -5.9, -5.8, -5.7, -5.6, -5.5, -5.4, -5.3, -5.2, -5.1, -5.0, -4.9, -4.8, -4.7, -4.6, -4.5, -4.4, -4.3, -4.2, -4.1, -4.0, -3.9, -3.8, -3.7, -3.6, -3.5, -3.4, -3.3, -3.2, -3.1, -3.0, -2.9, -2.8, -2.7, -2.6, -2.5, -2.4, -2.3, -2.2, -2.1, -2.0, -1.9, -1.8, -1.7, -1.6, -1.5, -1.4, -1.3, -1.2, -1.1, -1.0, -0.9, -0.8, -0.7, -0.6, -0.5, -0.4, -0.3, -0.2, -0.1, 0.0, 0.1, 0.2, 0.3, 0.4, 0.5, 0.6, 0.7, 0.8, 0.9, 1.0, 1.1, 1.2, 1.3, 1.4, 1.5, 1.6, 1.7, 1.8, 1.9, 2.0, 2.1, 2.2, 2.3, 2.4, 2.5, 2.6, 2.7, 2.8, 2.9, 3.0, 3.1, 3.2, 3.3, 3.4, 3.5, 3.6, 3.7, 3.8, 3.9, 4.0, 4.1, 4.2, 4.3, 4.4, 4.5, 4.6, 4.7, 4.8, 4.9, 5.0, 5.1, 5.2, 5.3, 5.4, 5.5, 5.6, 5.7, 5.8, 5.9, 6.0, 6.1, 6.2, 6.3, 6.4, 6.5, 6.6, 6.7, 6.8, 6.9, 7.0, 7.1, 7.2, 7.3, 7.4, 7.5, 7.6, 7.7, 7.8, 7.9, 8.0, 8.1, 8.2, 8.3, 8.4, 8.5, 8.6, 8.7, 8.8, 8.9, 9.0, 9.1, 9.2, 9.3, 9.4, 9.5, 9.6, 9.7, 9.8, 9.9, 10.0], 'fitness_function': 'sigmoid_rmse', 'minimization': True, 'seed': 9, 'log_path': '../../data/results/RQ_Comparison/heart/log_config_id_49.csv', 'verbose': False, 'log_level': 1, 'test_elite': True, 'p_xo': 0.8, 'max_depth': 17}}","{'train': {'rmse': 0.29723143577575684, 'wrmse': 0.326280802488327, 'accuracy': 0.9043062329292297, 'roc_auc': 0.9233761429786682, 'f1_score': 0.8484848737716675, 'precision': 0.8615384697914124, 'recall': 0.8358209133148193}, 'test': {'rmse': 0.4807967245578766, 'wrmse': 0.4975968301296234, 'accuracy': 0.7222222089767456, 'roc_auc': 0.7495760321617126, 'f1_score': 0.60317462682724, 'precision': 0.5588235259056091, 'recall': 0.6551724076271057}}",69
49,10,"{'name': 'gp', 'scaling': True, 'oversampling': False, 'config': {'pop_size': 100, 'n_iter': 1000, 'elitism': True, 'n_elites': 1, 'init_depth': 6, 'initializer': 'rhh', 'tournament_size': 2, 'prob_const': 0.2, 'tree_functions': ['add', 'subtract', 'multiply', 'divide'], 'tree_constants': [-10.0, -9.9, -9.8, -9.7, -9.6, -9.5, -9.4, -9.3, -9.2, -9.1, -9.0, -8.9, -8.8, -8.7, -8.6, -8.5, -8.4, -8.3, -8.2, -8.1, -8.0, -7.9, -7.8, -7.7, -7.6, -7.5, -7.4, -7.3, -7.2, -7.1, -7.0, -6.9, -6.8, -6.7, -6.6, -6.5, -6.4, -6.3, -6.2, -6.1, -6.0, -5.9, -5.8, -5.7, -5.6, -5.5, -5.4, -5.3, -5.2, -5.1, -5.0, -4.9, -4.8, -4.7, -4.6, -4.5, -4.4, -4.3, -4.2, -4.1, -4.0, -3.9, -3.8, -3.7, -3.6, -3.5, -3.4, -3.3, -3.2, -3.1, -3.0, -2.9, -2.8, -2.7, -2.6, -2.5, -2.4, -2.3, -2.2, -2.1, -2.0, -1.9, -1.8, -1.7, -1.6, -1.5, -1.4, -1.3, -1.2, -1.1, -1.0, -0.9, -0.8, -0.7, -0.6, -0.5, -0.4, -0.3, -0.2, -0.1, 0.0, 0.1, 0.2, 0.3, 0.4, 0.5, 0.6, 0.7, 0.8, 0.9, 1.0, 1.1, 1.2, 1.3, 1.4, 1.5, 1.6, 1.7, 1.8, 1.9, 2.0, 2.1, 2.2, 2.3, 2.4, 2.5, 2.6, 2.7, 2.8, 2.9, 3.0, 3.1, 3.2, 3.3, 3.4, 3.5, 3.6, 3.7, 3.8, 3.9, 4.0, 4.1, 4.2, 4.3, 4.4, 4.5, 4.6, 4.7, 4.8, 4.9, 5.0, 5.1, 5.2, 5.3, 5.4, 5.5, 5.6, 5.7, 5.8, 5.9, 6.0, 6.1, 6.2, 6.3, 6.4, 6.5, 6.6, 6.7, 6.8, 6.9, 7.0, 7.1, 7.2, 7.3, 7.4, 7.5, 7.6, 7.7, 7.8, 7.9, 8.0, 8.1, 8.2, 8.3, 8.4, 8.5, 8.6, 8.7, 8.8, 8.9, 9.0, 9.1, 9.2, 9.3, 9.4, 9.5, 9.6, 9.7, 9.8, 9.9, 10.0], 'fitness_function': 'sigmoid_rmse', 'minimization': True, 'seed': 10, 'log_path': '../../data/results/RQ_Comparison/heart/log_config_id_49.csv', 'verbose': False, 'log_level': 1, 'test_elite': True, 'p_xo': 0.8, 'max_depth': 17}}","{'train': {'rmse': 0.28432178497314453, 'wrmse': 0.3209092319011688, 'accuracy': 0.9043062329292297, 'roc_auc': 0.9296825528144836, 'f1_score': 0.841269850730896, 'precision': 0.8983050584793091, 'recall': 0.7910447716712952}, 'test': {'rmse': 0.37288811802864075, 'wrmse': 0.4306752681732178, 'accuracy': 0.8222222328186035, 'roc_auc': 0.8434143662452698, 'f1_score': 0.6923076510429382, 'precision': 0.782608687877655, 'recall': 0.6206896305084229}}",489
49,11,"{'name': 'gp', 'scaling': True, 'oversampling': False, 'config': {'pop_size': 100, 'n_iter': 1000, 'elitism': True, 'n_elites': 1, 'init_depth': 6, 'initializer': 'rhh', 'tournament_size': 2, 'prob_const': 0.2, 'tree_functions': ['add', 'subtract', 'multiply', 'divide'], 'tree_constants': [-10.0, -9.9, -9.8, -9.7, -9.6, -9.5, -9.4, -9.3, -9.2, -9.1, -9.0, -8.9, -8.8, -8.7, -8.6, -8.5, -8.4, -8.3, -8.2, -8.1, -8.0, -7.9, -7.8, -7.7, -7.6, -7.5, -7.4, -7.3, -7.2, -7.1, -7.0, -6.9, -6.8, -6.7, -6.6, -6.5, -6.4, -6.3, -6.2, -6.1, -6.0, -5.9, -5.8, -5.7, -5.6, -5.5, -5.4, -5.3, -5.2, -5.1, -5.0, -4.9, -4.8, -4.7, -4.6, -4.5, -4.4, -4.3, -4.2, -4.1, -4.0, -3.9, -3.8, -3.7, -3.6, -3.5, -3.4, -3.3, -3.2, -3.1, -3.0, -2.9, -2.8, -2.7, -2.6, -2.5, -2.4, -2.3, -2.2, -2.1, -2.0, -1.9, -1.8, -1.7, -1.6, -1.5, -1.4, -1.3, -1.2, -1.1, -1.0, -0.9, -0.8, -0.7, -0.6, -0.5, -0.4, -0.3, -0.2, -0.1, 0.0, 0.1, 0.2, 0.3, 0.4, 0.5, 0.6, 0.7, 0.8, 0.9, 1.0, 1.1, 1.2, 1.3, 1.4, 1.5, 1.6, 1.7, 1.8, 1.9, 2.0, 2.1, 2.2, 2.3, 2.4, 2.5, 2.6, 2.7, 2.8, 2.9, 3.0, 3.1, 3.2, 3.3, 3.4, 3.5, 3.6, 3.7, 3.8, 3.9, 4.0, 4.1, 4.2, 4.3, 4.4, 4.5, 4.6, 4.7, 4.8, 4.9, 5.0, 5.1, 5.2, 5.3, 5.4, 5.5, 5.6, 5.7, 5.8, 5.9, 6.0, 6.1, 6.2, 6.3, 6.4, 6.5, 6.6, 6.7, 6.8, 6.9, 7.0, 7.1, 7.2, 7.3, 7.4, 7.5, 7.6, 7.7, 7.8, 7.9, 8.0, 8.1, 8.2, 8.3, 8.4, 8.5, 8.6, 8.7, 8.8, 8.9, 9.0, 9.1, 9.2, 9.3, 9.4, 9.5, 9.6, 9.7, 9.8, 9.9, 10.0], 'fitness_function': 'sigmoid_rmse', 'minimization': True, 'seed': 11, 'log_path': '../../data/results/RQ_Comparison/heart/log_config_id_49.csv', 'verbose': False, 'log_level': 1, 'test_elite': True, 'p_xo': 0.8, 'max_depth': 17}}","{'train': {'rmse': 0.35531023144721985, 'wrmse': 0.39078012108802795, 'accuracy': 0.8421052694320679, 'roc_auc': 0.8707168698310852, 'f1_score': 0.7226890921592712, 'precision': 0.8269230723381042, 'recall': 0.641791045665741}, 'test': {'rmse': 0.3498918414115906, 'wrmse': 0.3651738166809082, 'accuracy': 0.855555534362793, 'roc_auc': 0.8959864377975464, 'f1_score': 0.7719298005104065, 'precision': 0.7857142686843872, 'recall': 0.7586206793785095}}",183
49,12,"{'name': 'gp', 'scaling': True, 'oversampling': False, 'config': {'pop_size': 100, 'n_iter': 1000, 'elitism': True, 'n_elites': 1, 'init_depth': 6, 'initializer': 'rhh', 'tournament_size': 2, 'prob_const': 0.2, 'tree_functions': ['add', 'subtract', 'multiply', 'divide'], 'tree_constants': [-10.0, -9.9, -9.8, -9.7, -9.6, -9.5, -9.4, -9.3, -9.2, -9.1, -9.0, -8.9, -8.8, -8.7, -8.6, -8.5, -8.4, -8.3, -8.2, -8.1, -8.0, -7.9, -7.8, -7.7, -7.6, -7.5, -7.4, -7.3, -7.2, -7.1, -7.0, -6.9, -6.8, -6.7, -6.6, -6.5, -6.4, -6.3, -6.2, -6.1, -6.0, -5.9, -5.8, -5.7, -5.6, -5.5, -5.4, -5.3, -5.2, -5.1, -5.0, -4.9, -4.8, -4.7, -4.6, -4.5, -4.4, -4.3, -4.2, -4.1, -4.0, -3.9, -3.8, -3.7, -3.6, -3.5, -3.4, -3.3, -3.2, -3.1, -3.0, -2.9, -2.8, -2.7, -2.6, -2.5, -2.4, -2.3, -2.2, -2.1, -2.0, -1.9, -1.8, -1.7, -1.6, -1.5, -1.4, -1.3, -1.2, -1.1, -1.0, -0.9, -0.8, -0.7, -0.6, -0.5, -0.4, -0.3, -0.2, -0.1, 0.0, 0.1, 0.2, 0.3, 0.4, 0.5, 0.6, 0.7, 0.8, 0.9, 1.0, 1.1, 1.2, 1.3, 1.4, 1.5, 1.6, 1.7, 1.8, 1.9, 2.0, 2.1, 2.2, 2.3, 2.4, 2.5, 2.6, 2.7, 2.8, 2.9, 3.0, 3.1, 3.2, 3.3, 3.4, 3.5, 3.6, 3.7, 3.8, 3.9, 4.0, 4.1, 4.2, 4.3, 4.4, 4.5, 4.6, 4.7, 4.8, 4.9, 5.0, 5.1, 5.2, 5.3, 5.4, 5.5, 5.6, 5.7, 5.8, 5.9, 6.0, 6.1, 6.2, 6.3, 6.4, 6.5, 6.6, 6.7, 6.8, 6.9, 7.0, 7.1, 7.2, 7.3, 7.4, 7.5, 7.6, 7.7, 7.8, 7.9, 8.0, 8.1, 8.2, 8.3, 8.4, 8.5, 8.6, 8.7, 8.8, 8.9, 9.0, 9.1, 9.2, 9.3, 9.4, 9.5, 9.6, 9.7, 9.8, 9.9, 10.0], 'fitness_function': 'sigmoid_rmse', 'minimization': True, 'seed': 12, 'log_path': '../../data/results/RQ_Comparison/heart/log_config_id_49.csv', 'verbose': False, 'log_level': 1, 'test_elite': True, 'p_xo': 0.8, 'max_depth': 17}}","{'train': {'rmse': 0.32775047421455383, 'wrmse': 0.3627256751060486, 'accuracy': 0.8660287261009216, 'roc_auc': 0.9024595022201538, 'f1_score': 0.7543859481811523, 'precision': 0.914893627166748, 'recall': 0.641791045665741}, 'test': {'rmse': 0.3683972656726837, 'wrmse': 0.4160855710506439, 'accuracy': 0.7666666507720947, 'roc_auc': 0.8965517282485962, 'f1_score': 0.5116278529167175, 'precision': 0.7857142686843872, 'recall': 0.37931033968925476}}",981
49,13,"{'name': 'gp', 'scaling': True, 'oversampling': False, 'config': {'pop_size': 100, 'n_iter': 1000, 'elitism': True, 'n_elites': 1, 'init_depth': 6, 'initializer': 'rhh', 'tournament_size': 2, 'prob_const': 0.2, 'tree_functions': ['add', 'subtract', 'multiply', 'divide'], 'tree_constants': [-10.0, -9.9, -9.8, -9.7, -9.6, -9.5, -9.4, -9.3, -9.2, -9.1, -9.0, -8.9, -8.8, -8.7, -8.6, -8.5, -8.4, -8.3, -8.2, -8.1, -8.0, -7.9, -7.8, -7.7, -7.6, -7.5, -7.4, -7.3, -7.2, -7.1, -7.0, -6.9, -6.8, -6.7, -6.6, -6.5, -6.4, -6.3, -6.2, -6.1, -6.0, -5.9, -5.8, -5.7, -5.6, -5.5, -5.4, -5.3, -5.2, -5.1, -5.0, -4.9, -4.8, -4.7, -4.6, -4.5, -4.4, -4.3, -4.2, -4.1, -4.0, -3.9, -3.8, -3.7, -3.6, -3.5, -3.4, -3.3, -3.2, -3.1, -3.0, -2.9, -2.8, -2.7, -2.6, -2.5, -2.4, -2.3, -2.2, -2.1, -2.0, -1.9, -1.8, -1.7, -1.6, -1.5, -1.4, -1.3, -1.2, -1.1, -1.0, -0.9, -0.8, -0.7, -0.6, -0.5, -0.4, -0.3, -0.2, -0.1, 0.0, 0.1, 0.2, 0.3, 0.4, 0.5, 0.6, 0.7, 0.8, 0.9, 1.0, 1.1, 1.2, 1.3, 1.4, 1.5, 1.6, 1.7, 1.8, 1.9, 2.0, 2.1, 2.2, 2.3, 2.4, 2.5, 2.6, 2.7, 2.8, 2.9, 3.0, 3.1, 3.2, 3.3, 3.4, 3.5, 3.6, 3.7, 3.8, 3.9, 4.0, 4.1, 4.2, 4.3, 4.4, 4.5, 4.6, 4.7, 4.8, 4.9, 5.0, 5.1, 5.2, 5.3, 5.4, 5.5, 5.6, 5.7, 5.8, 5.9, 6.0, 6.1, 6.2, 6.3, 6.4, 6.5, 6.6, 6.7, 6.8, 6.9, 7.0, 7.1, 7.2, 7.3, 7.4, 7.5, 7.6, 7.7, 7.8, 7.9, 8.0, 8.1, 8.2, 8.3, 8.4, 8.5, 8.6, 8.7, 8.8, 8.9, 9.0, 9.1, 9.2, 9.3, 9.4, 9.5, 9.6, 9.7, 9.8, 9.9, 10.0], 'fitness_function': 'sigmoid_rmse', 'minimization': True, 'seed': 13, 'log_path': '../../data/results/RQ_Comparison/heart/log_config_id_49.csv', 'verbose': False, 'log_level': 1, 'test_elite': True, 'p_xo': 0.8, 'max_depth': 17}}","{'train': {'rmse': 0.29997700452804565, 'wrmse': 0.34334269165992737, 'accuracy': 0.9043062329292297, 'roc_auc': 0.9059280753135681, 'f1_score': 0.841269850730896, 'precision': 0.8983050584793091, 'recall': 0.7910447716712952}, 'test': {'rmse': 0.4275690019130707, 'wrmse': 0.4807884395122528, 'accuracy': 0.800000011920929, 'roc_auc': 0.819672167301178, 'f1_score': 0.6538461446762085, 'precision': 0.739130437374115, 'recall': 0.5862069129943848}}",1497
49,14,"{'name': 'gp', 'scaling': True, 'oversampling': False, 'config': {'pop_size': 100, 'n_iter': 1000, 'elitism': True, 'n_elites': 1, 'init_depth': 6, 'initializer': 'rhh', 'tournament_size': 2, 'prob_const': 0.2, 'tree_functions': ['add', 'subtract', 'multiply', 'divide'], 'tree_constants': [-10.0, -9.9, -9.8, -9.7, -9.6, -9.5, -9.4, -9.3, -9.2, -9.1, -9.0, -8.9, -8.8, -8.7, -8.6, -8.5, -8.4, -8.3, -8.2, -8.1, -8.0, -7.9, -7.8, -7.7, -7.6, -7.5, -7.4, -7.3, -7.2, -7.1, -7.0, -6.9, -6.8, -6.7, -6.6, -6.5, -6.4, -6.3, -6.2, -6.1, -6.0, -5.9, -5.8, -5.7, -5.6, -5.5, -5.4, -5.3, -5.2, -5.1, -5.0, -4.9, -4.8, -4.7, -4.6, -4.5, -4.4, -4.3, -4.2, -4.1, -4.0, -3.9, -3.8, -3.7, -3.6, -3.5, -3.4, -3.3, -3.2, -3.1, -3.0, -2.9, -2.8, -2.7, -2.6, -2.5, -2.4, -2.3, -2.2, -2.1, -2.0, -1.9, -1.8, -1.7, -1.6, -1.5, -1.4, -1.3, -1.2, -1.1, -1.0, -0.9, -0.8, -0.7, -0.6, -0.5, -0.4, -0.3, -0.2, -0.1, 0.0, 0.1, 0.2, 0.3, 0.4, 0.5, 0.6, 0.7, 0.8, 0.9, 1.0, 1.1, 1.2, 1.3, 1.4, 1.5, 1.6, 1.7, 1.8, 1.9, 2.0, 2.1, 2.2, 2.3, 2.4, 2.5, 2.6, 2.7, 2.8, 2.9, 3.0, 3.1, 3.2, 3.3, 3.4, 3.5, 3.6, 3.7, 3.8, 3.9, 4.0, 4.1, 4.2, 4.3, 4.4, 4.5, 4.6, 4.7, 4.8, 4.9, 5.0, 5.1, 5.2, 5.3, 5.4, 5.5, 5.6, 5.7, 5.8, 5.9, 6.0, 6.1, 6.2, 6.3, 6.4, 6.5, 6.6, 6.7, 6.8, 6.9, 7.0, 7.1, 7.2, 7.3, 7.4, 7.5, 7.6, 7.7, 7.8, 7.9, 8.0, 8.1, 8.2, 8.3, 8.4, 8.5, 8.6, 8.7, 8.8, 8.9, 9.0, 9.1, 9.2, 9.3, 9.4, 9.5, 9.6, 9.7, 9.8, 9.9, 10.0], 'fitness_function': 'sigmoid_rmse', 'minimization': True, 'seed': 14, 'log_path': '../../data/results/RQ_Comparison/heart/log_config_id_49.csv', 'verbose': False, 'log_level': 1, 'test_elite': True, 'p_xo': 0.8, 'max_depth': 17}}","{'train': {'rmse': 0.2955419421195984, 'wrmse': 0.31632739305496216, 'accuracy': 0.8708133697509766, 'roc_auc': 0.9416649341583252, 'f1_score': 0.7938930988311768, 'precision': 0.8125, 'recall': 0.7761194109916687}, 'test': {'rmse': 0.4416705071926117, 'wrmse': 0.47961559891700745, 'accuracy': 0.7666666507720947, 'roc_auc': 0.7484453916549683, 'f1_score': 0.6315789818763733, 'precision': 0.6428571343421936, 'recall': 0.6206896305084229}}",235
49,15,"{'name': 'gp', 'scaling': True, 'oversampling': False, 'config': {'pop_size': 100, 'n_iter': 1000, 'elitism': True, 'n_elites': 1, 'init_depth': 6, 'initializer': 'rhh', 'tournament_size': 2, 'prob_const': 0.2, 'tree_functions': ['add', 'subtract', 'multiply', 'divide'], 'tree_constants': [-10.0, -9.9, -9.8, -9.7, -9.6, -9.5, -9.4, -9.3, -9.2, -9.1, -9.0, -8.9, -8.8, -8.7, -8.6, -8.5, -8.4, -8.3, -8.2, -8.1, -8.0, -7.9, -7.8, -7.7, -7.6, -7.5, -7.4, -7.3, -7.2, -7.1, -7.0, -6.9, -6.8, -6.7, -6.6, -6.5, -6.4, -6.3, -6.2, -6.1, -6.0, -5.9, -5.8, -5.7, -5.6, -5.5, -5.4, -5.3, -5.2, -5.1, -5.0, -4.9, -4.8, -4.7, -4.6, -4.5, -4.4, -4.3, -4.2, -4.1, -4.0, -3.9, -3.8, -3.7, -3.6, -3.5, -3.4, -3.3, -3.2, -3.1, -3.0, -2.9, -2.8, -2.7, -2.6, -2.5, -2.4, -2.3, -2.2, -2.1, -2.0, -1.9, -1.8, -1.7, -1.6, -1.5, -1.4, -1.3, -1.2, -1.1, -1.0, -0.9, -0.8, -0.7, -0.6, -0.5, -0.4, -0.3, -0.2, -0.1, 0.0, 0.1, 0.2, 0.3, 0.4, 0.5, 0.6, 0.7, 0.8, 0.9, 1.0, 1.1, 1.2, 1.3, 1.4, 1.5, 1.6, 1.7, 1.8, 1.9, 2.0, 2.1, 2.2, 2.3, 2.4, 2.5, 2.6, 2.7, 2.8, 2.9, 3.0, 3.1, 3.2, 3.3, 3.4, 3.5, 3.6, 3.7, 3.8, 3.9, 4.0, 4.1, 4.2, 4.3, 4.4, 4.5, 4.6, 4.7, 4.8, 4.9, 5.0, 5.1, 5.2, 5.3, 5.4, 5.5, 5.6, 5.7, 5.8, 5.9, 6.0, 6.1, 6.2, 6.3, 6.4, 6.5, 6.6, 6.7, 6.8, 6.9, 7.0, 7.1, 7.2, 7.3, 7.4, 7.5, 7.6, 7.7, 7.8, 7.9, 8.0, 8.1, 8.2, 8.3, 8.4, 8.5, 8.6, 8.7, 8.8, 8.9, 9.0, 9.1, 9.2, 9.3, 9.4, 9.5, 9.6, 9.7, 9.8, 9.9, 10.0], 'fitness_function': 'sigmoid_rmse', 'minimization': True, 'seed': 15, 'log_path': '../../data/results/RQ_Comparison/heart/log_config_id_49.csv', 'verbose': False, 'log_level': 1, 'test_elite': True, 'p_xo': 0.8, 'max_depth': 17}}","{'train': {'rmse': 0.29050910472869873, 'wrmse': 0.31861448287963867, 'accuracy': 0.89952152967453, 'roc_auc': 0.9295774698257446, 'f1_score': 0.8421053290367126, 'precision': 0.8484848737716675, 'recall': 0.8358209133148193}, 'test': {'rmse': 0.39385852217674255, 'wrmse': 0.4352452754974365, 'accuracy': 0.8111110925674438, 'roc_auc': 0.8128886222839355, 'f1_score': 0.6909090876579285, 'precision': 0.7307692170143127, 'recall': 0.6551724076271057}}",121
49,16,"{'name': 'gp', 'scaling': True, 'oversampling': False, 'config': {'pop_size': 100, 'n_iter': 1000, 'elitism': True, 'n_elites': 1, 'init_depth': 6, 'initializer': 'rhh', 'tournament_size': 2, 'prob_const': 0.2, 'tree_functions': ['add', 'subtract', 'multiply', 'divide'], 'tree_constants': [-10.0, -9.9, -9.8, -9.7, -9.6, -9.5, -9.4, -9.3, -9.2, -9.1, -9.0, -8.9, -8.8, -8.7, -8.6, -8.5, -8.4, -8.3, -8.2, -8.1, -8.0, -7.9, -7.8, -7.7, -7.6, -7.5, -7.4, -7.3, -7.2, -7.1, -7.0, -6.9, -6.8, -6.7, -6.6, -6.5, -6.4, -6.3, -6.2, -6.1, -6.0, -5.9, -5.8, -5.7, -5.6, -5.5, -5.4, -5.3, -5.2, -5.1, -5.0, -4.9, -4.8, -4.7, -4.6, -4.5, -4.4, -4.3, -4.2, -4.1, -4.0, -3.9, -3.8, -3.7, -3.6, -3.5, -3.4, -3.3, -3.2, -3.1, -3.0, -2.9, -2.8, -2.7, -2.6, -2.5, -2.4, -2.3, -2.2, -2.1, -2.0, -1.9, -1.8, -1.7, -1.6, -1.5, -1.4, -1.3, -1.2, -1.1, -1.0, -0.9, -0.8, -0.7, -0.6, -0.5, -0.4, -0.3, -0.2, -0.1, 0.0, 0.1, 0.2, 0.3, 0.4, 0.5, 0.6, 0.7, 0.8, 0.9, 1.0, 1.1, 1.2, 1.3, 1.4, 1.5, 1.6, 1.7, 1.8, 1.9, 2.0, 2.1, 2.2, 2.3, 2.4, 2.5, 2.6, 2.7, 2.8, 2.9, 3.0, 3.1, 3.2, 3.3, 3.4, 3.5, 3.6, 3.7, 3.8, 3.9, 4.0, 4.1, 4.2, 4.3, 4.4, 4.5, 4.6, 4.7, 4.8, 4.9, 5.0, 5.1, 5.2, 5.3, 5.4, 5.5, 5.6, 5.7, 5.8, 5.9, 6.0, 6.1, 6.2, 6.3, 6.4, 6.5, 6.6, 6.7, 6.8, 6.9, 7.0, 7.1, 7.2, 7.3, 7.4, 7.5, 7.6, 7.7, 7.8, 7.9, 8.0, 8.1, 8.2, 8.3, 8.4, 8.5, 8.6, 8.7, 8.8, 8.9, 9.0, 9.1, 9.2, 9.3, 9.4, 9.5, 9.6, 9.7, 9.8, 9.9, 10.0], 'fitness_function': 'sigmoid_rmse', 'minimization': True, 'seed': 16, 'log_path': '../../data/results/RQ_Comparison/heart/log_config_id_49.csv', 'verbose': False, 'log_level': 1, 'test_elite': True, 'p_xo': 0.8, 'max_depth': 17}}","{'train': {'rmse': 0.292032927274704, 'wrmse': 0.33059680461883545, 'accuracy': 0.89952152967453, 'roc_auc': 0.9258986711502075, 'f1_score': 0.8292682766914368, 'precision': 0.9107142686843872, 'recall': 0.7611940503120422}, 'test': {'rmse': 0.376742959022522, 'wrmse': 0.39239755272865295, 'accuracy': 0.8444444537162781, 'roc_auc': 0.8569812774658203, 'f1_score': 0.7666666507720947, 'precision': 0.7419354915618896, 'recall': 0.7931034564971924}}",137
49,17,"{'name': 'gp', 'scaling': True, 'oversampling': False, 'config': {'pop_size': 100, 'n_iter': 1000, 'elitism': True, 'n_elites': 1, 'init_depth': 6, 'initializer': 'rhh', 'tournament_size': 2, 'prob_const': 0.2, 'tree_functions': ['add', 'subtract', 'multiply', 'divide'], 'tree_constants': [-10.0, -9.9, -9.8, -9.7, -9.6, -9.5, -9.4, -9.3, -9.2, -9.1, -9.0, -8.9, -8.8, -8.7, -8.6, -8.5, -8.4, -8.3, -8.2, -8.1, -8.0, -7.9, -7.8, -7.7, -7.6, -7.5, -7.4, -7.3, -7.2, -7.1, -7.0, -6.9, -6.8, -6.7, -6.6, -6.5, -6.4, -6.3, -6.2, -6.1, -6.0, -5.9, -5.8, -5.7, -5.6, -5.5, -5.4, -5.3, -5.2, -5.1, -5.0, -4.9, -4.8, -4.7, -4.6, -4.5, -4.4, -4.3, -4.2, -4.1, -4.0, -3.9, -3.8, -3.7, -3.6, -3.5, -3.4, -3.3, -3.2, -3.1, -3.0, -2.9, -2.8, -2.7, -2.6, -2.5, -2.4, -2.3, -2.2, -2.1, -2.0, -1.9, -1.8, -1.7, -1.6, -1.5, -1.4, -1.3, -1.2, -1.1, -1.0, -0.9, -0.8, -0.7, -0.6, -0.5, -0.4, -0.3, -0.2, -0.1, 0.0, 0.1, 0.2, 0.3, 0.4, 0.5, 0.6, 0.7, 0.8, 0.9, 1.0, 1.1, 1.2, 1.3, 1.4, 1.5, 1.6, 1.7, 1.8, 1.9, 2.0, 2.1, 2.2, 2.3, 2.4, 2.5, 2.6, 2.7, 2.8, 2.9, 3.0, 3.1, 3.2, 3.3, 3.4, 3.5, 3.6, 3.7, 3.8, 3.9, 4.0, 4.1, 4.2, 4.3, 4.4, 4.5, 4.6, 4.7, 4.8, 4.9, 5.0, 5.1, 5.2, 5.3, 5.4, 5.5, 5.6, 5.7, 5.8, 5.9, 6.0, 6.1, 6.2, 6.3, 6.4, 6.5, 6.6, 6.7, 6.8, 6.9, 7.0, 7.1, 7.2, 7.3, 7.4, 7.5, 7.6, 7.7, 7.8, 7.9, 8.0, 8.1, 8.2, 8.3, 8.4, 8.5, 8.6, 8.7, 8.8, 8.9, 9.0, 9.1, 9.2, 9.3, 9.4, 9.5, 9.6, 9.7, 9.8, 9.9, 10.0], 'fitness_function': 'sigmoid_rmse', 'minimization': True, 'seed': 17, 'log_path': '../../data/results/RQ_Comparison/heart/log_config_id_49.csv', 'verbose': False, 'log_level': 1, 'test_elite': True, 'p_xo': 0.8, 'max_depth': 17}}","{'train': {'rmse': 0.3625839352607727, 'wrmse': 0.41372567415237427, 'accuracy': 0.8468899726867676, 'roc_auc': 0.8619927763938904, 'f1_score': 0.7333333492279053, 'precision': 0.8301886916160583, 'recall': 0.6567164063453674}, 'test': {'rmse': 0.3228898346424103, 'wrmse': 0.34331953525543213, 'accuracy': 0.8888888955116272, 'roc_auc': 0.9287733435630798, 'f1_score': 0.8275862336158752, 'precision': 0.8275862336158752, 'recall': 0.8275862336158752}}",171
49,18,"{'name': 'gp', 'scaling': True, 'oversampling': False, 'config': {'pop_size': 100, 'n_iter': 1000, 'elitism': True, 'n_elites': 1, 'init_depth': 6, 'initializer': 'rhh', 'tournament_size': 2, 'prob_const': 0.2, 'tree_functions': ['add', 'subtract', 'multiply', 'divide'], 'tree_constants': [-10.0, -9.9, -9.8, -9.7, -9.6, -9.5, -9.4, -9.3, -9.2, -9.1, -9.0, -8.9, -8.8, -8.7, -8.6, -8.5, -8.4, -8.3, -8.2, -8.1, -8.0, -7.9, -7.8, -7.7, -7.6, -7.5, -7.4, -7.3, -7.2, -7.1, -7.0, -6.9, -6.8, -6.7, -6.6, -6.5, -6.4, -6.3, -6.2, -6.1, -6.0, -5.9, -5.8, -5.7, -5.6, -5.5, -5.4, -5.3, -5.2, -5.1, -5.0, -4.9, -4.8, -4.7, -4.6, -4.5, -4.4, -4.3, -4.2, -4.1, -4.0, -3.9, -3.8, -3.7, -3.6, -3.5, -3.4, -3.3, -3.2, -3.1, -3.0, -2.9, -2.8, -2.7, -2.6, -2.5, -2.4, -2.3, -2.2, -2.1, -2.0, -1.9, -1.8, -1.7, -1.6, -1.5, -1.4, -1.3, -1.2, -1.1, -1.0, -0.9, -0.8, -0.7, -0.6, -0.5, -0.4, -0.3, -0.2, -0.1, 0.0, 0.1, 0.2, 0.3, 0.4, 0.5, 0.6, 0.7, 0.8, 0.9, 1.0, 1.1, 1.2, 1.3, 1.4, 1.5, 1.6, 1.7, 1.8, 1.9, 2.0, 2.1, 2.2, 2.3, 2.4, 2.5, 2.6, 2.7, 2.8, 2.9, 3.0, 3.1, 3.2, 3.3, 3.4, 3.5, 3.6, 3.7, 3.8, 3.9, 4.0, 4.1, 4.2, 4.3, 4.4, 4.5, 4.6, 4.7, 4.8, 4.9, 5.0, 5.1, 5.2, 5.3, 5.4, 5.5, 5.6, 5.7, 5.8, 5.9, 6.0, 6.1, 6.2, 6.3, 6.4, 6.5, 6.6, 6.7, 6.8, 6.9, 7.0, 7.1, 7.2, 7.3, 7.4, 7.5, 7.6, 7.7, 7.8, 7.9, 8.0, 8.1, 8.2, 8.3, 8.4, 8.5, 8.6, 8.7, 8.8, 8.9, 9.0, 9.1, 9.2, 9.3, 9.4, 9.5, 9.6, 9.7, 9.8, 9.9, 10.0], 'fitness_function': 'sigmoid_rmse', 'minimization': True, 'seed': 18, 'log_path': '../../data/results/RQ_Comparison/heart/log_config_id_49.csv', 'verbose': False, 'log_level': 1, 'test_elite': True, 'p_xo': 0.8, 'max_depth': 17}}","{'train': {'rmse': 0.31292441487312317, 'wrmse': 0.3415359556674957, 'accuracy': 0.8947368264198303, 'roc_auc': 0.92369145154953, 'f1_score': 0.8333332538604736, 'precision': 0.8461538553237915, 'recall': 0.8208954930305481}, 'test': {'rmse': 0.38794440031051636, 'wrmse': 0.4290790855884552, 'accuracy': 0.7888888716697693, 'roc_auc': 0.8111927509307861, 'f1_score': 0.6545454263687134, 'precision': 0.692307710647583, 'recall': 0.6206896305084229}}",135
49,19,"{'name': 'gp', 'scaling': True, 'oversampling': False, 'config': {'pop_size': 100, 'n_iter': 1000, 'elitism': True, 'n_elites': 1, 'init_depth': 6, 'initializer': 'rhh', 'tournament_size': 2, 'prob_const': 0.2, 'tree_functions': ['add', 'subtract', 'multiply', 'divide'], 'tree_constants': [-10.0, -9.9, -9.8, -9.7, -9.6, -9.5, -9.4, -9.3, -9.2, -9.1, -9.0, -8.9, -8.8, -8.7, -8.6, -8.5, -8.4, -8.3, -8.2, -8.1, -8.0, -7.9, -7.8, -7.7, -7.6, -7.5, -7.4, -7.3, -7.2, -7.1, -7.0, -6.9, -6.8, -6.7, -6.6, -6.5, -6.4, -6.3, -6.2, -6.1, -6.0, -5.9, -5.8, -5.7, -5.6, -5.5, -5.4, -5.3, -5.2, -5.1, -5.0, -4.9, -4.8, -4.7, -4.6, -4.5, -4.4, -4.3, -4.2, -4.1, -4.0, -3.9, -3.8, -3.7, -3.6, -3.5, -3.4, -3.3, -3.2, -3.1, -3.0, -2.9, -2.8, -2.7, -2.6, -2.5, -2.4, -2.3, -2.2, -2.1, -2.0, -1.9, -1.8, -1.7, -1.6, -1.5, -1.4, -1.3, -1.2, -1.1, -1.0, -0.9, -0.8, -0.7, -0.6, -0.5, -0.4, -0.3, -0.2, -0.1, 0.0, 0.1, 0.2, 0.3, 0.4, 0.5, 0.6, 0.7, 0.8, 0.9, 1.0, 1.1, 1.2, 1.3, 1.4, 1.5, 1.6, 1.7, 1.8, 1.9, 2.0, 2.1, 2.2, 2.3, 2.4, 2.5, 2.6, 2.7, 2.8, 2.9, 3.0, 3.1, 3.2, 3.3, 3.4, 3.5, 3.6, 3.7, 3.8, 3.9, 4.0, 4.1, 4.2, 4.3, 4.4, 4.5, 4.6, 4.7, 4.8, 4.9, 5.0, 5.1, 5.2, 5.3, 5.4, 5.5, 5.6, 5.7, 5.8, 5.9, 6.0, 6.1, 6.2, 6.3, 6.4, 6.5, 6.6, 6.7, 6.8, 6.9, 7.0, 7.1, 7.2, 7.3, 7.4, 7.5, 7.6, 7.7, 7.8, 7.9, 8.0, 8.1, 8.2, 8.3, 8.4, 8.5, 8.6, 8.7, 8.8, 8.9, 9.0, 9.1, 9.2, 9.3, 9.4, 9.5, 9.6, 9.7, 9.8, 9.9, 10.0], 'fitness_function': 'sigmoid_rmse', 'minimization': True, 'seed': 19, 'log_path': '../../data/results/RQ_Comparison/heart/log_config_id_49.csv', 'verbose': False, 'log_level': 1, 'test_elite': True, 'p_xo': 0.8, 'max_depth': 17}}","{'train': {'rmse': 0.31576091051101685, 'wrmse': 0.33505526185035706, 'accuracy': 0.8564593195915222, 'roc_auc': 0.9336766600608826, 'f1_score': 0.7727272510528564, 'precision': 0.7846153974533081, 'recall': 0.7611940503120422}, 'test': {'rmse': 0.3818803131580353, 'wrmse': 0.41736459732055664, 'accuracy': 0.800000011920929, 'roc_auc': 0.8355002999305725, 'f1_score': 0.6538461446762085, 'precision': 0.739130437374115, 'recall': 0.5862069129943848}}",1199
49,20,"{'name': 'gp', 'scaling': True, 'oversampling': False, 'config': {'pop_size': 100, 'n_iter': 1000, 'elitism': True, 'n_elites': 1, 'init_depth': 6, 'initializer': 'rhh', 'tournament_size': 2, 'prob_const': 0.2, 'tree_functions': ['add', 'subtract', 'multiply', 'divide'], 'tree_constants': [-10.0, -9.9, -9.8, -9.7, -9.6, -9.5, -9.4, -9.3, -9.2, -9.1, -9.0, -8.9, -8.8, -8.7, -8.6, -8.5, -8.4, -8.3, -8.2, -8.1, -8.0, -7.9, -7.8, -7.7, -7.6, -7.5, -7.4, -7.3, -7.2, -7.1, -7.0, -6.9, -6.8, -6.7, -6.6, -6.5, -6.4, -6.3, -6.2, -6.1, -6.0, -5.9, -5.8, -5.7, -5.6, -5.5, -5.4, -5.3, -5.2, -5.1, -5.0, -4.9, -4.8, -4.7, -4.6, -4.5, -4.4, -4.3, -4.2, -4.1, -4.0, -3.9, -3.8, -3.7, -3.6, -3.5, -3.4, -3.3, -3.2, -3.1, -3.0, -2.9, -2.8, -2.7, -2.6, -2.5, -2.4, -2.3, -2.2, -2.1, -2.0, -1.9, -1.8, -1.7, -1.6, -1.5, -1.4, -1.3, -1.2, -1.1, -1.0, -0.9, -0.8, -0.7, -0.6, -0.5, -0.4, -0.3, -0.2, -0.1, 0.0, 0.1, 0.2, 0.3, 0.4, 0.5, 0.6, 0.7, 0.8, 0.9, 1.0, 1.1, 1.2, 1.3, 1.4, 1.5, 1.6, 1.7, 1.8, 1.9, 2.0, 2.1, 2.2, 2.3, 2.4, 2.5, 2.6, 2.7, 2.8, 2.9, 3.0, 3.1, 3.2, 3.3, 3.4, 3.5, 3.6, 3.7, 3.8, 3.9, 4.0, 4.1, 4.2, 4.3, 4.4, 4.5, 4.6, 4.7, 4.8, 4.9, 5.0, 5.1, 5.2, 5.3, 5.4, 5.5, 5.6, 5.7, 5.8, 5.9, 6.0, 6.1, 6.2, 6.3, 6.4, 6.5, 6.6, 6.7, 6.8, 6.9, 7.0, 7.1, 7.2, 7.3, 7.4, 7.5, 7.6, 7.7, 7.8, 7.9, 8.0, 8.1, 8.2, 8.3, 8.4, 8.5, 8.6, 8.7, 8.8, 8.9, 9.0, 9.1, 9.2, 9.3, 9.4, 9.5, 9.6, 9.7, 9.8, 9.9, 10.0], 'fitness_function': 'sigmoid_rmse', 'minimization': True, 'seed': 20, 'log_path': '../../data/results/RQ_Comparison/heart/log_config_id_49.csv', 'verbose': False, 'log_level': 1, 'test_elite': True, 'p_xo': 0.8, 'max_depth': 17}}","{'train': {'rmse': 0.3013993501663208, 'wrmse': 0.34552672505378723, 'accuracy': 0.8899521827697754, 'roc_auc': 0.9043514132499695, 'f1_score': 0.8067226409912109, 'precision': 0.9230769276618958, 'recall': 0.7164179086685181}, 'test': {'rmse': 0.374500572681427, 'wrmse': 0.41017794609069824, 'accuracy': 0.8333333134651184, 'roc_auc': 0.8682871460914612, 'f1_score': 0.7169811725616455, 'precision': 0.7916666865348816, 'recall': 0.6551724076271057}}",631
49,21,"{'name': 'gp', 'scaling': True, 'oversampling': False, 'config': {'pop_size': 100, 'n_iter': 1000, 'elitism': True, 'n_elites': 1, 'init_depth': 6, 'initializer': 'rhh', 'tournament_size': 2, 'prob_const': 0.2, 'tree_functions': ['add', 'subtract', 'multiply', 'divide'], 'tree_constants': [-10.0, -9.9, -9.8, -9.7, -9.6, -9.5, -9.4, -9.3, -9.2, -9.1, -9.0, -8.9, -8.8, -8.7, -8.6, -8.5, -8.4, -8.3, -8.2, -8.1, -8.0, -7.9, -7.8, -7.7, -7.6, -7.5, -7.4, -7.3, -7.2, -7.1, -7.0, -6.9, -6.8, -6.7, -6.6, -6.5, -6.4, -6.3, -6.2, -6.1, -6.0, -5.9, -5.8, -5.7, -5.6, -5.5, -5.4, -5.3, -5.2, -5.1, -5.0, -4.9, -4.8, -4.7, -4.6, -4.5, -4.4, -4.3, -4.2, -4.1, -4.0, -3.9, -3.8, -3.7, -3.6, -3.5, -3.4, -3.3, -3.2, -3.1, -3.0, -2.9, -2.8, -2.7, -2.6, -2.5, -2.4, -2.3, -2.2, -2.1, -2.0, -1.9, -1.8, -1.7, -1.6, -1.5, -1.4, -1.3, -1.2, -1.1, -1.0, -0.9, -0.8, -0.7, -0.6, -0.5, -0.4, -0.3, -0.2, -0.1, 0.0, 0.1, 0.2, 0.3, 0.4, 0.5, 0.6, 0.7, 0.8, 0.9, 1.0, 1.1, 1.2, 1.3, 1.4, 1.5, 1.6, 1.7, 1.8, 1.9, 2.0, 2.1, 2.2, 2.3, 2.4, 2.5, 2.6, 2.7, 2.8, 2.9, 3.0, 3.1, 3.2, 3.3, 3.4, 3.5, 3.6, 3.7, 3.8, 3.9, 4.0, 4.1, 4.2, 4.3, 4.4, 4.5, 4.6, 4.7, 4.8, 4.9, 5.0, 5.1, 5.2, 5.3, 5.4, 5.5, 5.6, 5.7, 5.8, 5.9, 6.0, 6.1, 6.2, 6.3, 6.4, 6.5, 6.6, 6.7, 6.8, 6.9, 7.0, 7.1, 7.2, 7.3, 7.4, 7.5, 7.6, 7.7, 7.8, 7.9, 8.0, 8.1, 8.2, 8.3, 8.4, 8.5, 8.6, 8.7, 8.8, 8.9, 9.0, 9.1, 9.2, 9.3, 9.4, 9.5, 9.6, 9.7, 9.8, 9.9, 10.0], 'fitness_function': 'sigmoid_rmse', 'minimization': True, 'seed': 21, 'log_path': '../../data/results/RQ_Comparison/heart/log_config_id_49.csv', 'verbose': False, 'log_level': 1, 'test_elite': True, 'p_xo': 0.8, 'max_depth': 17}}","{'train': {'rmse': 0.30780747532844543, 'wrmse': 0.3505761921405792, 'accuracy': 0.9090909361839294, 'roc_auc': 0.8651461005210876, 'f1_score': 0.8503937125205994, 'precision': 0.8999999761581421, 'recall': 0.8059701323509216}, 'test': {'rmse': 0.4189901649951935, 'wrmse': 0.4525836110115051, 'accuracy': 0.7777777910232544, 'roc_auc': 0.822498619556427, 'f1_score': 0.6551724076271057, 'precision': 0.6551724076271057, 'recall': 0.6551724076271057}}",145
49,22,"{'name': 'gp', 'scaling': True, 'oversampling': False, 'config': {'pop_size': 100, 'n_iter': 1000, 'elitism': True, 'n_elites': 1, 'init_depth': 6, 'initializer': 'rhh', 'tournament_size': 2, 'prob_const': 0.2, 'tree_functions': ['add', 'subtract', 'multiply', 'divide'], 'tree_constants': [-10.0, -9.9, -9.8, -9.7, -9.6, -9.5, -9.4, -9.3, -9.2, -9.1, -9.0, -8.9, -8.8, -8.7, -8.6, -8.5, -8.4, -8.3, -8.2, -8.1, -8.0, -7.9, -7.8, -7.7, -7.6, -7.5, -7.4, -7.3, -7.2, -7.1, -7.0, -6.9, -6.8, -6.7, -6.6, -6.5, -6.4, -6.3, -6.2, -6.1, -6.0, -5.9, -5.8, -5.7, -5.6, -5.5, -5.4, -5.3, -5.2, -5.1, -5.0, -4.9, -4.8, -4.7, -4.6, -4.5, -4.4, -4.3, -4.2, -4.1, -4.0, -3.9, -3.8, -3.7, -3.6, -3.5, -3.4, -3.3, -3.2, -3.1, -3.0, -2.9, -2.8, -2.7, -2.6, -2.5, -2.4, -2.3, -2.2, -2.1, -2.0, -1.9, -1.8, -1.7, -1.6, -1.5, -1.4, -1.3, -1.2, -1.1, -1.0, -0.9, -0.8, -0.7, -0.6, -0.5, -0.4, -0.3, -0.2, -0.1, 0.0, 0.1, 0.2, 0.3, 0.4, 0.5, 0.6, 0.7, 0.8, 0.9, 1.0, 1.1, 1.2, 1.3, 1.4, 1.5, 1.6, 1.7, 1.8, 1.9, 2.0, 2.1, 2.2, 2.3, 2.4, 2.5, 2.6, 2.7, 2.8, 2.9, 3.0, 3.1, 3.2, 3.3, 3.4, 3.5, 3.6, 3.7, 3.8, 3.9, 4.0, 4.1, 4.2, 4.3, 4.4, 4.5, 4.6, 4.7, 4.8, 4.9, 5.0, 5.1, 5.2, 5.3, 5.4, 5.5, 5.6, 5.7, 5.8, 5.9, 6.0, 6.1, 6.2, 6.3, 6.4, 6.5, 6.6, 6.7, 6.8, 6.9, 7.0, 7.1, 7.2, 7.3, 7.4, 7.5, 7.6, 7.7, 7.8, 7.9, 8.0, 8.1, 8.2, 8.3, 8.4, 8.5, 8.6, 8.7, 8.8, 8.9, 9.0, 9.1, 9.2, 9.3, 9.4, 9.5, 9.6, 9.7, 9.8, 9.9, 10.0], 'fitness_function': 'sigmoid_rmse', 'minimization': True, 'seed': 22, 'log_path': '../../data/results/RQ_Comparison/heart/log_config_id_49.csv', 'verbose': False, 'log_level': 1, 'test_elite': True, 'p_xo': 0.8, 'max_depth': 17}}","{'train': {'rmse': 0.307430624961853, 'wrmse': 0.346652626991272, 'accuracy': 0.9043062329292297, 'roc_auc': 0.9231658577919006, 'f1_score': 0.8437500596046448, 'precision': 0.8852459192276001, 'recall': 0.8059701323509216}, 'test': {'rmse': 0.4399382472038269, 'wrmse': 0.5288130044937134, 'accuracy': 0.7888888716697693, 'roc_auc': 0.7354437708854675, 'f1_score': 0.5365853905677795, 'precision': 0.9166666865348816, 'recall': 0.37931033968925476}}",45
49,23,"{'name': 'gp', 'scaling': True, 'oversampling': False, 'config': {'pop_size': 100, 'n_iter': 1000, 'elitism': True, 'n_elites': 1, 'init_depth': 6, 'initializer': 'rhh', 'tournament_size': 2, 'prob_const': 0.2, 'tree_functions': ['add', 'subtract', 'multiply', 'divide'], 'tree_constants': [-10.0, -9.9, -9.8, -9.7, -9.6, -9.5, -9.4, -9.3, -9.2, -9.1, -9.0, -8.9, -8.8, -8.7, -8.6, -8.5, -8.4, -8.3, -8.2, -8.1, -8.0, -7.9, -7.8, -7.7, -7.6, -7.5, -7.4, -7.3, -7.2, -7.1, -7.0, -6.9, -6.8, -6.7, -6.6, -6.5, -6.4, -6.3, -6.2, -6.1, -6.0, -5.9, -5.8, -5.7, -5.6, -5.5, -5.4, -5.3, -5.2, -5.1, -5.0, -4.9, -4.8, -4.7, -4.6, -4.5, -4.4, -4.3, -4.2, -4.1, -4.0, -3.9, -3.8, -3.7, -3.6, -3.5, -3.4, -3.3, -3.2, -3.1, -3.0, -2.9, -2.8, -2.7, -2.6, -2.5, -2.4, -2.3, -2.2, -2.1, -2.0, -1.9, -1.8, -1.7, -1.6, -1.5, -1.4, -1.3, -1.2, -1.1, -1.0, -0.9, -0.8, -0.7, -0.6, -0.5, -0.4, -0.3, -0.2, -0.1, 0.0, 0.1, 0.2, 0.3, 0.4, 0.5, 0.6, 0.7, 0.8, 0.9, 1.0, 1.1, 1.2, 1.3, 1.4, 1.5, 1.6, 1.7, 1.8, 1.9, 2.0, 2.1, 2.2, 2.3, 2.4, 2.5, 2.6, 2.7, 2.8, 2.9, 3.0, 3.1, 3.2, 3.3, 3.4, 3.5, 3.6, 3.7, 3.8, 3.9, 4.0, 4.1, 4.2, 4.3, 4.4, 4.5, 4.6, 4.7, 4.8, 4.9, 5.0, 5.1, 5.2, 5.3, 5.4, 5.5, 5.6, 5.7, 5.8, 5.9, 6.0, 6.1, 6.2, 6.3, 6.4, 6.5, 6.6, 6.7, 6.8, 6.9, 7.0, 7.1, 7.2, 7.3, 7.4, 7.5, 7.6, 7.7, 7.8, 7.9, 8.0, 8.1, 8.2, 8.3, 8.4, 8.5, 8.6, 8.7, 8.8, 8.9, 9.0, 9.1, 9.2, 9.3, 9.4, 9.5, 9.6, 9.7, 9.8, 9.9, 10.0], 'fitness_function': 'sigmoid_rmse', 'minimization': True, 'seed': 23, 'log_path': '../../data/results/RQ_Comparison/heart/log_config_id_49.csv', 'verbose': False, 'log_level': 1, 'test_elite': True, 'p_xo': 0.8, 'max_depth': 17}}","{'train': {'rmse': 0.29697057604789734, 'wrmse': 0.312343031167984, 'accuracy': 0.8899521827697754, 'roc_auc': 0.9299978017807007, 'f1_score': 0.82962965965271, 'precision': 0.8235294222831726, 'recall': 0.8358209133148193}, 'test': {'rmse': 0.3915548622608185, 'wrmse': 0.4227048456668854, 'accuracy': 0.7777777910232544, 'roc_auc': 0.8479366898536682, 'f1_score': 0.6296296119689941, 'precision': 0.6800000071525574, 'recall': 0.5862069129943848}}",589
49,24,"{'name': 'gp', 'scaling': True, 'oversampling': False, 'config': {'pop_size': 100, 'n_iter': 1000, 'elitism': True, 'n_elites': 1, 'init_depth': 6, 'initializer': 'rhh', 'tournament_size': 2, 'prob_const': 0.2, 'tree_functions': ['add', 'subtract', 'multiply', 'divide'], 'tree_constants': [-10.0, -9.9, -9.8, -9.7, -9.6, -9.5, -9.4, -9.3, -9.2, -9.1, -9.0, -8.9, -8.8, -8.7, -8.6, -8.5, -8.4, -8.3, -8.2, -8.1, -8.0, -7.9, -7.8, -7.7, -7.6, -7.5, -7.4, -7.3, -7.2, -7.1, -7.0, -6.9, -6.8, -6.7, -6.6, -6.5, -6.4, -6.3, -6.2, -6.1, -6.0, -5.9, -5.8, -5.7, -5.6, -5.5, -5.4, -5.3, -5.2, -5.1, -5.0, -4.9, -4.8, -4.7, -4.6, -4.5, -4.4, -4.3, -4.2, -4.1, -4.0, -3.9, -3.8, -3.7, -3.6, -3.5, -3.4, -3.3, -3.2, -3.1, -3.0, -2.9, -2.8, -2.7, -2.6, -2.5, -2.4, -2.3, -2.2, -2.1, -2.0, -1.9, -1.8, -1.7, -1.6, -1.5, -1.4, -1.3, -1.2, -1.1, -1.0, -0.9, -0.8, -0.7, -0.6, -0.5, -0.4, -0.3, -0.2, -0.1, 0.0, 0.1, 0.2, 0.3, 0.4, 0.5, 0.6, 0.7, 0.8, 0.9, 1.0, 1.1, 1.2, 1.3, 1.4, 1.5, 1.6, 1.7, 1.8, 1.9, 2.0, 2.1, 2.2, 2.3, 2.4, 2.5, 2.6, 2.7, 2.8, 2.9, 3.0, 3.1, 3.2, 3.3, 3.4, 3.5, 3.6, 3.7, 3.8, 3.9, 4.0, 4.1, 4.2, 4.3, 4.4, 4.5, 4.6, 4.7, 4.8, 4.9, 5.0, 5.1, 5.2, 5.3, 5.4, 5.5, 5.6, 5.7, 5.8, 5.9, 6.0, 6.1, 6.2, 6.3, 6.4, 6.5, 6.6, 6.7, 6.8, 6.9, 7.0, 7.1, 7.2, 7.3, 7.4, 7.5, 7.6, 7.7, 7.8, 7.9, 8.0, 8.1, 8.2, 8.3, 8.4, 8.5, 8.6, 8.7, 8.8, 8.9, 9.0, 9.1, 9.2, 9.3, 9.4, 9.5, 9.6, 9.7, 9.8, 9.9, 10.0], 'fitness_function': 'sigmoid_rmse', 'minimization': True, 'seed': 24, 'log_path': '../../data/results/RQ_Comparison/heart/log_config_id_49.csv', 'verbose': False, 'log_level': 1, 'test_elite': True, 'p_xo': 0.8, 'max_depth': 17}}","{'train': {'rmse': 0.32242506742477417, 'wrmse': 0.36645936965942383, 'accuracy': 0.8660287261009216, 'roc_auc': 0.9061383008956909, 'f1_score': 0.7777777314186096, 'precision': 0.8305084705352783, 'recall': 0.7313432693481445}, 'test': {'rmse': 0.404532790184021, 'wrmse': 0.44896024465560913, 'accuracy': 0.8222222328186035, 'roc_auc': 0.7642736434936523, 'f1_score': 0.703703761100769, 'precision': 0.7599999904632568, 'recall': 0.6551724076271057}}",1311
49,25,"{'name': 'gp', 'scaling': True, 'oversampling': False, 'config': {'pop_size': 100, 'n_iter': 1000, 'elitism': True, 'n_elites': 1, 'init_depth': 6, 'initializer': 'rhh', 'tournament_size': 2, 'prob_const': 0.2, 'tree_functions': ['add', 'subtract', 'multiply', 'divide'], 'tree_constants': [-10.0, -9.9, -9.8, -9.7, -9.6, -9.5, -9.4, -9.3, -9.2, -9.1, -9.0, -8.9, -8.8, -8.7, -8.6, -8.5, -8.4, -8.3, -8.2, -8.1, -8.0, -7.9, -7.8, -7.7, -7.6, -7.5, -7.4, -7.3, -7.2, -7.1, -7.0, -6.9, -6.8, -6.7, -6.6, -6.5, -6.4, -6.3, -6.2, -6.1, -6.0, -5.9, -5.8, -5.7, -5.6, -5.5, -5.4, -5.3, -5.2, -5.1, -5.0, -4.9, -4.8, -4.7, -4.6, -4.5, -4.4, -4.3, -4.2, -4.1, -4.0, -3.9, -3.8, -3.7, -3.6, -3.5, -3.4, -3.3, -3.2, -3.1, -3.0, -2.9, -2.8, -2.7, -2.6, -2.5, -2.4, -2.3, -2.2, -2.1, -2.0, -1.9, -1.8, -1.7, -1.6, -1.5, -1.4, -1.3, -1.2, -1.1, -1.0, -0.9, -0.8, -0.7, -0.6, -0.5, -0.4, -0.3, -0.2, -0.1, 0.0, 0.1, 0.2, 0.3, 0.4, 0.5, 0.6, 0.7, 0.8, 0.9, 1.0, 1.1, 1.2, 1.3, 1.4, 1.5, 1.6, 1.7, 1.8, 1.9, 2.0, 2.1, 2.2, 2.3, 2.4, 2.5, 2.6, 2.7, 2.8, 2.9, 3.0, 3.1, 3.2, 3.3, 3.4, 3.5, 3.6, 3.7, 3.8, 3.9, 4.0, 4.1, 4.2, 4.3, 4.4, 4.5, 4.6, 4.7, 4.8, 4.9, 5.0, 5.1, 5.2, 5.3, 5.4, 5.5, 5.6, 5.7, 5.8, 5.9, 6.0, 6.1, 6.2, 6.3, 6.4, 6.5, 6.6, 6.7, 6.8, 6.9, 7.0, 7.1, 7.2, 7.3, 7.4, 7.5, 7.6, 7.7, 7.8, 7.9, 8.0, 8.1, 8.2, 8.3, 8.4, 8.5, 8.6, 8.7, 8.8, 8.9, 9.0, 9.1, 9.2, 9.3, 9.4, 9.5, 9.6, 9.7, 9.8, 9.9, 10.0], 'fitness_function': 'sigmoid_rmse', 'minimization': True, 'seed': 25, 'log_path': '../../data/results/RQ_Comparison/heart/log_config_id_49.csv', 'verbose': False, 'log_level': 1, 'test_elite': True, 'p_xo': 0.8, 'max_depth': 17}}","{'train': {'rmse': 0.30216366052627563, 'wrmse': 0.32016733288764954, 'accuracy': 0.9043062329292297, 'roc_auc': 0.9210637211799622, 'f1_score': 0.8507462739944458, 'precision': 0.8507462739944458, 'recall': 0.8507462739944458}, 'test': {'rmse': 0.390485018491745, 'wrmse': 0.39967381954193115, 'accuracy': 0.800000011920929, 'roc_auc': 0.8818541765213013, 'f1_score': 0.699999988079071, 'precision': 0.6774193644523621, 'recall': 0.7241379022598267}}",163
49,26,"{'name': 'gp', 'scaling': True, 'oversampling': False, 'config': {'pop_size': 100, 'n_iter': 1000, 'elitism': True, 'n_elites': 1, 'init_depth': 6, 'initializer': 'rhh', 'tournament_size': 2, 'prob_const': 0.2, 'tree_functions': ['add', 'subtract', 'multiply', 'divide'], 'tree_constants': [-10.0, -9.9, -9.8, -9.7, -9.6, -9.5, -9.4, -9.3, -9.2, -9.1, -9.0, -8.9, -8.8, -8.7, -8.6, -8.5, -8.4, -8.3, -8.2, -8.1, -8.0, -7.9, -7.8, -7.7, -7.6, -7.5, -7.4, -7.3, -7.2, -7.1, -7.0, -6.9, -6.8, -6.7, -6.6, -6.5, -6.4, -6.3, -6.2, -6.1, -6.0, -5.9, -5.8, -5.7, -5.6, -5.5, -5.4, -5.3, -5.2, -5.1, -5.0, -4.9, -4.8, -4.7, -4.6, -4.5, -4.4, -4.3, -4.2, -4.1, -4.0, -3.9, -3.8, -3.7, -3.6, -3.5, -3.4, -3.3, -3.2, -3.1, -3.0, -2.9, -2.8, -2.7, -2.6, -2.5, -2.4, -2.3, -2.2, -2.1, -2.0, -1.9, -1.8, -1.7, -1.6, -1.5, -1.4, -1.3, -1.2, -1.1, -1.0, -0.9, -0.8, -0.7, -0.6, -0.5, -0.4, -0.3, -0.2, -0.1, 0.0, 0.1, 0.2, 0.3, 0.4, 0.5, 0.6, 0.7, 0.8, 0.9, 1.0, 1.1, 1.2, 1.3, 1.4, 1.5, 1.6, 1.7, 1.8, 1.9, 2.0, 2.1, 2.2, 2.3, 2.4, 2.5, 2.6, 2.7, 2.8, 2.9, 3.0, 3.1, 3.2, 3.3, 3.4, 3.5, 3.6, 3.7, 3.8, 3.9, 4.0, 4.1, 4.2, 4.3, 4.4, 4.5, 4.6, 4.7, 4.8, 4.9, 5.0, 5.1, 5.2, 5.3, 5.4, 5.5, 5.6, 5.7, 5.8, 5.9, 6.0, 6.1, 6.2, 6.3, 6.4, 6.5, 6.6, 6.7, 6.8, 6.9, 7.0, 7.1, 7.2, 7.3, 7.4, 7.5, 7.6, 7.7, 7.8, 7.9, 8.0, 8.1, 8.2, 8.3, 8.4, 8.5, 8.6, 8.7, 8.8, 8.9, 9.0, 9.1, 9.2, 9.3, 9.4, 9.5, 9.6, 9.7, 9.8, 9.9, 10.0], 'fitness_function': 'sigmoid_rmse', 'minimization': True, 'seed': 26, 'log_path': '../../data/results/RQ_Comparison/heart/log_config_id_49.csv', 'verbose': False, 'log_level': 1, 'test_elite': True, 'p_xo': 0.8, 'max_depth': 17}}","{'train': {'rmse': 0.3412131667137146, 'wrmse': 0.38116222620010376, 'accuracy': 0.8277512192726135, 'roc_auc': 0.9028800129890442, 'f1_score': 0.7096774578094482, 'precision': 0.7719298005104065, 'recall': 0.6567164063453674}, 'test': {'rmse': 0.30423885583877563, 'wrmse': 0.35654258728027344, 'accuracy': 0.8999999761581421, 'roc_auc': 0.9282081127166748, 'f1_score': 0.8235294222831726, 'precision': 0.9545454382896423, 'recall': 0.7241379022598267}}",65
49,27,"{'name': 'gp', 'scaling': True, 'oversampling': False, 'config': {'pop_size': 100, 'n_iter': 1000, 'elitism': True, 'n_elites': 1, 'init_depth': 6, 'initializer': 'rhh', 'tournament_size': 2, 'prob_const': 0.2, 'tree_functions': ['add', 'subtract', 'multiply', 'divide'], 'tree_constants': [-10.0, -9.9, -9.8, -9.7, -9.6, -9.5, -9.4, -9.3, -9.2, -9.1, -9.0, -8.9, -8.8, -8.7, -8.6, -8.5, -8.4, -8.3, -8.2, -8.1, -8.0, -7.9, -7.8, -7.7, -7.6, -7.5, -7.4, -7.3, -7.2, -7.1, -7.0, -6.9, -6.8, -6.7, -6.6, -6.5, -6.4, -6.3, -6.2, -6.1, -6.0, -5.9, -5.8, -5.7, -5.6, -5.5, -5.4, -5.3, -5.2, -5.1, -5.0, -4.9, -4.8, -4.7, -4.6, -4.5, -4.4, -4.3, -4.2, -4.1, -4.0, -3.9, -3.8, -3.7, -3.6, -3.5, -3.4, -3.3, -3.2, -3.1, -3.0, -2.9, -2.8, -2.7, -2.6, -2.5, -2.4, -2.3, -2.2, -2.1, -2.0, -1.9, -1.8, -1.7, -1.6, -1.5, -1.4, -1.3, -1.2, -1.1, -1.0, -0.9, -0.8, -0.7, -0.6, -0.5, -0.4, -0.3, -0.2, -0.1, 0.0, 0.1, 0.2, 0.3, 0.4, 0.5, 0.6, 0.7, 0.8, 0.9, 1.0, 1.1, 1.2, 1.3, 1.4, 1.5, 1.6, 1.7, 1.8, 1.9, 2.0, 2.1, 2.2, 2.3, 2.4, 2.5, 2.6, 2.7, 2.8, 2.9, 3.0, 3.1, 3.2, 3.3, 3.4, 3.5, 3.6, 3.7, 3.8, 3.9, 4.0, 4.1, 4.2, 4.3, 4.4, 4.5, 4.6, 4.7, 4.8, 4.9, 5.0, 5.1, 5.2, 5.3, 5.4, 5.5, 5.6, 5.7, 5.8, 5.9, 6.0, 6.1, 6.2, 6.3, 6.4, 6.5, 6.6, 6.7, 6.8, 6.9, 7.0, 7.1, 7.2, 7.3, 7.4, 7.5, 7.6, 7.7, 7.8, 7.9, 8.0, 8.1, 8.2, 8.3, 8.4, 8.5, 8.6, 8.7, 8.8, 8.9, 9.0, 9.1, 9.2, 9.3, 9.4, 9.5, 9.6, 9.7, 9.8, 9.9, 10.0], 'fitness_function': 'sigmoid_rmse', 'minimization': True, 'seed': 27, 'log_path': '../../data/results/RQ_Comparison/heart/log_config_id_49.csv', 'verbose': False, 'log_level': 1, 'test_elite': True, 'p_xo': 0.8, 'max_depth': 17}}","{'train': {'rmse': 0.3396395444869995, 'wrmse': 0.37519213557243347, 'accuracy': 0.8516746163368225, 'roc_auc': 0.8929997682571411, 'f1_score': 0.7596899271011353, 'precision': 0.7903226017951965, 'recall': 0.7313432693481445}, 'test': {'rmse': 0.414812296628952, 'wrmse': 0.4653915762901306, 'accuracy': 0.7777777910232544, 'roc_auc': 0.799321711063385, 'f1_score': 0.6153846383094788, 'precision': 0.695652186870575, 'recall': 0.5517241358757019}}",483
49,28,"{'name': 'gp', 'scaling': True, 'oversampling': False, 'config': {'pop_size': 100, 'n_iter': 1000, 'elitism': True, 'n_elites': 1, 'init_depth': 6, 'initializer': 'rhh', 'tournament_size': 2, 'prob_const': 0.2, 'tree_functions': ['add', 'subtract', 'multiply', 'divide'], 'tree_constants': [-10.0, -9.9, -9.8, -9.7, -9.6, -9.5, -9.4, -9.3, -9.2, -9.1, -9.0, -8.9, -8.8, -8.7, -8.6, -8.5, -8.4, -8.3, -8.2, -8.1, -8.0, -7.9, -7.8, -7.7, -7.6, -7.5, -7.4, -7.3, -7.2, -7.1, -7.0, -6.9, -6.8, -6.7, -6.6, -6.5, -6.4, -6.3, -6.2, -6.1, -6.0, -5.9, -5.8, -5.7, -5.6, -5.5, -5.4, -5.3, -5.2, -5.1, -5.0, -4.9, -4.8, -4.7, -4.6, -4.5, -4.4, -4.3, -4.2, -4.1, -4.0, -3.9, -3.8, -3.7, -3.6, -3.5, -3.4, -3.3, -3.2, -3.1, -3.0, -2.9, -2.8, -2.7, -2.6, -2.5, -2.4, -2.3, -2.2, -2.1, -2.0, -1.9, -1.8, -1.7, -1.6, -1.5, -1.4, -1.3, -1.2, -1.1, -1.0, -0.9, -0.8, -0.7, -0.6, -0.5, -0.4, -0.3, -0.2, -0.1, 0.0, 0.1, 0.2, 0.3, 0.4, 0.5, 0.6, 0.7, 0.8, 0.9, 1.0, 1.1, 1.2, 1.3, 1.4, 1.5, 1.6, 1.7, 1.8, 1.9, 2.0, 2.1, 2.2, 2.3, 2.4, 2.5, 2.6, 2.7, 2.8, 2.9, 3.0, 3.1, 3.2, 3.3, 3.4, 3.5, 3.6, 3.7, 3.8, 3.9, 4.0, 4.1, 4.2, 4.3, 4.4, 4.5, 4.6, 4.7, 4.8, 4.9, 5.0, 5.1, 5.2, 5.3, 5.4, 5.5, 5.6, 5.7, 5.8, 5.9, 6.0, 6.1, 6.2, 6.3, 6.4, 6.5, 6.6, 6.7, 6.8, 6.9, 7.0, 7.1, 7.2, 7.3, 7.4, 7.5, 7.6, 7.7, 7.8, 7.9, 8.0, 8.1, 8.2, 8.3, 8.4, 8.5, 8.6, 8.7, 8.8, 8.9, 9.0, 9.1, 9.2, 9.3, 9.4, 9.5, 9.6, 9.7, 9.8, 9.9, 10.0], 'fitness_function': 'sigmoid_rmse', 'minimization': True, 'seed': 28, 'log_path': '../../data/results/RQ_Comparison/heart/log_config_id_49.csv', 'verbose': False, 'log_level': 1, 'test_elite': True, 'p_xo': 0.8, 'max_depth': 17}}","{'train': {'rmse': 0.3229024410247803, 'wrmse': 0.37591084837913513, 'accuracy': 0.880382776260376, 'roc_auc': 0.8799662590026855, 'f1_score': 0.7863247990608215, 'precision': 0.9200000166893005, 'recall': 0.6865671873092651}, 'test': {'rmse': 0.3978140652179718, 'wrmse': 0.42941394448280334, 'accuracy': 0.8222222328186035, 'roc_auc': 0.8518937230110168, 'f1_score': 0.7142857313156128, 'precision': 0.7407407164573669, 'recall': 0.6896551847457886}}",433
49,29,"{'name': 'gp', 'scaling': True, 'oversampling': False, 'config': {'pop_size': 100, 'n_iter': 1000, 'elitism': True, 'n_elites': 1, 'init_depth': 6, 'initializer': 'rhh', 'tournament_size': 2, 'prob_const': 0.2, 'tree_functions': ['add', 'subtract', 'multiply', 'divide'], 'tree_constants': [-10.0, -9.9, -9.8, -9.7, -9.6, -9.5, -9.4, -9.3, -9.2, -9.1, -9.0, -8.9, -8.8, -8.7, -8.6, -8.5, -8.4, -8.3, -8.2, -8.1, -8.0, -7.9, -7.8, -7.7, -7.6, -7.5, -7.4, -7.3, -7.2, -7.1, -7.0, -6.9, -6.8, -6.7, -6.6, -6.5, -6.4, -6.3, -6.2, -6.1, -6.0, -5.9, -5.8, -5.7, -5.6, -5.5, -5.4, -5.3, -5.2, -5.1, -5.0, -4.9, -4.8, -4.7, -4.6, -4.5, -4.4, -4.3, -4.2, -4.1, -4.0, -3.9, -3.8, -3.7, -3.6, -3.5, -3.4, -3.3, -3.2, -3.1, -3.0, -2.9, -2.8, -2.7, -2.6, -2.5, -2.4, -2.3, -2.2, -2.1, -2.0, -1.9, -1.8, -1.7, -1.6, -1.5, -1.4, -1.3, -1.2, -1.1, -1.0, -0.9, -0.8, -0.7, -0.6, -0.5, -0.4, -0.3, -0.2, -0.1, 0.0, 0.1, 0.2, 0.3, 0.4, 0.5, 0.6, 0.7, 0.8, 0.9, 1.0, 1.1, 1.2, 1.3, 1.4, 1.5, 1.6, 1.7, 1.8, 1.9, 2.0, 2.1, 2.2, 2.3, 2.4, 2.5, 2.6, 2.7, 2.8, 2.9, 3.0, 3.1, 3.2, 3.3, 3.4, 3.5, 3.6, 3.7, 3.8, 3.9, 4.0, 4.1, 4.2, 4.3, 4.4, 4.5, 4.6, 4.7, 4.8, 4.9, 5.0, 5.1, 5.2, 5.3, 5.4, 5.5, 5.6, 5.7, 5.8, 5.9, 6.0, 6.1, 6.2, 6.3, 6.4, 6.5, 6.6, 6.7, 6.8, 6.9, 7.0, 7.1, 7.2, 7.3, 7.4, 7.5, 7.6, 7.7, 7.8, 7.9, 8.0, 8.1, 8.2, 8.3, 8.4, 8.5, 8.6, 8.7, 8.8, 8.9, 9.0, 9.1, 9.2, 9.3, 9.4, 9.5, 9.6, 9.7, 9.8, 9.9, 10.0], 'fitness_function': 'sigmoid_rmse', 'minimization': True, 'seed': 29, 'log_path': '../../data/results/RQ_Comparison/heart/log_config_id_49.csv', 'verbose': False, 'log_level': 1, 'test_elite': True, 'p_xo': 0.8, 'max_depth': 17}}","{'train': {'rmse': 0.3194001615047455, 'wrmse': 0.36317548155784607, 'accuracy': 0.880382776260376, 'roc_auc': 0.8962581753730774, 'f1_score': 0.7967479825019836, 'precision': 0.875, 'recall': 0.7313432693481445}, 'test': {'rmse': 0.37268900871276855, 'wrmse': 0.40056321024894714, 'accuracy': 0.8111110925674438, 'roc_auc': 0.8468061089515686, 'f1_score': 0.6909090876579285, 'precision': 0.7307692170143127, 'recall': 0.6551724076271057}}",173
49,30,"{'name': 'gp', 'scaling': True, 'oversampling': False, 'config': {'pop_size': 100, 'n_iter': 1000, 'elitism': True, 'n_elites': 1, 'init_depth': 6, 'initializer': 'rhh', 'tournament_size': 2, 'prob_const': 0.2, 'tree_functions': ['add', 'subtract', 'multiply', 'divide'], 'tree_constants': [-10.0, -9.9, -9.8, -9.7, -9.6, -9.5, -9.4, -9.3, -9.2, -9.1, -9.0, -8.9, -8.8, -8.7, -8.6, -8.5, -8.4, -8.3, -8.2, -8.1, -8.0, -7.9, -7.8, -7.7, -7.6, -7.5, -7.4, -7.3, -7.2, -7.1, -7.0, -6.9, -6.8, -6.7, -6.6, -6.5, -6.4, -6.3, -6.2, -6.1, -6.0, -5.9, -5.8, -5.7, -5.6, -5.5, -5.4, -5.3, -5.2, -5.1, -5.0, -4.9, -4.8, -4.7, -4.6, -4.5, -4.4, -4.3, -4.2, -4.1, -4.0, -3.9, -3.8, -3.7, -3.6, -3.5, -3.4, -3.3, -3.2, -3.1, -3.0, -2.9, -2.8, -2.7, -2.6, -2.5, -2.4, -2.3, -2.2, -2.1, -2.0, -1.9, -1.8, -1.7, -1.6, -1.5, -1.4, -1.3, -1.2, -1.1, -1.0, -0.9, -0.8, -0.7, -0.6, -0.5, -0.4, -0.3, -0.2, -0.1, 0.0, 0.1, 0.2, 0.3, 0.4, 0.5, 0.6, 0.7, 0.8, 0.9, 1.0, 1.1, 1.2, 1.3, 1.4, 1.5, 1.6, 1.7, 1.8, 1.9, 2.0, 2.1, 2.2, 2.3, 2.4, 2.5, 2.6, 2.7, 2.8, 2.9, 3.0, 3.1, 3.2, 3.3, 3.4, 3.5, 3.6, 3.7, 3.8, 3.9, 4.0, 4.1, 4.2, 4.3, 4.4, 4.5, 4.6, 4.7, 4.8, 4.9, 5.0, 5.1, 5.2, 5.3, 5.4, 5.5, 5.6, 5.7, 5.8, 5.9, 6.0, 6.1, 6.2, 6.3, 6.4, 6.5, 6.6, 6.7, 6.8, 6.9, 7.0, 7.1, 7.2, 7.3, 7.4, 7.5, 7.6, 7.7, 7.8, 7.9, 8.0, 8.1, 8.2, 8.3, 8.4, 8.5, 8.6, 8.7, 8.8, 8.9, 9.0, 9.1, 9.2, 9.3, 9.4, 9.5, 9.6, 9.7, 9.8, 9.9, 10.0], 'fitness_function': 'sigmoid_rmse', 'minimization': True, 'seed': 30, 'log_path': '../../data/results/RQ_Comparison/heart/log_config_id_49.csv', 'verbose': False, 'log_level': 1, 'test_elite': True, 'p_xo': 0.8, 'max_depth': 17}}","{'train': {'rmse': 0.37412014603614807, 'wrmse': 0.4174222946166992, 'accuracy': 0.8421052694320679, 'roc_auc': 0.8661971092224121, 'f1_score': 0.7079645991325378, 'precision': 0.8695651888847351, 'recall': 0.5970149040222168}, 'test': {'rmse': 0.3826088011264801, 'wrmse': 0.42994868755340576, 'accuracy': 0.8777777552604675, 'roc_auc': 0.8846806287765503, 'f1_score': 0.7659574151039124, 'precision': 1.0, 'recall': 0.6206896305084229}}",173
