49,1,"{'name': 'gp', 'scaling': True, 'oversampling': False, 'config': {'pop_size': 100, 'n_iter': 1000, 'elitism': True, 'n_elites': 1, 'init_depth': 6, 'initializer': 'rhh', 'tournament_size': 2, 'prob_const': 0.2, 'tree_functions': ['add', 'subtract', 'multiply', 'divide'], 'tree_constants': [-10.0, -9.9, -9.8, -9.7, -9.6, -9.5, -9.4, -9.3, -9.2, -9.1, -9.0, -8.9, -8.8, -8.7, -8.6, -8.5, -8.4, -8.3, -8.2, -8.1, -8.0, -7.9, -7.8, -7.7, -7.6, -7.5, -7.4, -7.3, -7.2, -7.1, -7.0, -6.9, -6.8, -6.7, -6.6, -6.5, -6.4, -6.3, -6.2, -6.1, -6.0, -5.9, -5.8, -5.7, -5.6, -5.5, -5.4, -5.3, -5.2, -5.1, -5.0, -4.9, -4.8, -4.7, -4.6, -4.5, -4.4, -4.3, -4.2, -4.1, -4.0, -3.9, -3.8, -3.7, -3.6, -3.5, -3.4, -3.3, -3.2, -3.1, -3.0, -2.9, -2.8, -2.7, -2.6, -2.5, -2.4, -2.3, -2.2, -2.1, -2.0, -1.9, -1.8, -1.7, -1.6, -1.5, -1.4, -1.3, -1.2, -1.1, -1.0, -0.9, -0.8, -0.7, -0.6, -0.5, -0.4, -0.3, -0.2, -0.1, 0.0, 0.1, 0.2, 0.3, 0.4, 0.5, 0.6, 0.7, 0.8, 0.9, 1.0, 1.1, 1.2, 1.3, 1.4, 1.5, 1.6, 1.7, 1.8, 1.9, 2.0, 2.1, 2.2, 2.3, 2.4, 2.5, 2.6, 2.7, 2.8, 2.9, 3.0, 3.1, 3.2, 3.3, 3.4, 3.5, 3.6, 3.7, 3.8, 3.9, 4.0, 4.1, 4.2, 4.3, 4.4, 4.5, 4.6, 4.7, 4.8, 4.9, 5.0, 5.1, 5.2, 5.3, 5.4, 5.5, 5.6, 5.7, 5.8, 5.9, 6.0, 6.1, 6.2, 6.3, 6.4, 6.5, 6.6, 6.7, 6.8, 6.9, 7.0, 7.1, 7.2, 7.3, 7.4, 7.5, 7.6, 7.7, 7.8, 7.9, 8.0, 8.1, 8.2, 8.3, 8.4, 8.5, 8.6, 8.7, 8.8, 8.9, 9.0, 9.1, 9.2, 9.3, 9.4, 9.5, 9.6, 9.7, 9.8, 9.9, 10.0], 'fitness_function': 'sigmoid_rmse', 'minimization': True, 'seed': 1, 'log_path': '../../data/results/final_comparison/credit/log_config_id_49.csv', 'verbose': False, 'log_level': 1, 'test_elite': True, 'p_xo': 0.8, 'max_depth': 17}}","{'train': {'rmse': 0.38433700799942017, 'wrmse': 0.5473679304122925, 'accuracy': 0.8068615198135376, 'roc_auc': 0.657709002494812, 'f1_score': 0.14606742560863495, 'precision': 0.6190476417541504, 'recall': 0.08280254900455475}, 'test': {'rmse': 0.39821678400039673, 'wrmse': 0.5600247383117676, 'accuracy': 0.7958579659461975, 'roc_auc': 0.6310458183288574, 'f1_score': 0.1265822947025299, 'precision': 0.4545454680919647, 'recall': 0.07352941483259201}}",379
49,2,"{'name': 'gp', 'scaling': True, 'oversampling': False, 'config': {'pop_size': 100, 'n_iter': 1000, 'elitism': True, 'n_elites': 1, 'init_depth': 6, 'initializer': 'rhh', 'tournament_size': 2, 'prob_const': 0.2, 'tree_functions': ['add', 'subtract', 'multiply', 'divide'], 'tree_constants': [-10.0, -9.9, -9.8, -9.7, -9.6, -9.5, -9.4, -9.3, -9.2, -9.1, -9.0, -8.9, -8.8, -8.7, -8.6, -8.5, -8.4, -8.3, -8.2, -8.1, -8.0, -7.9, -7.8, -7.7, -7.6, -7.5, -7.4, -7.3, -7.2, -7.1, -7.0, -6.9, -6.8, -6.7, -6.6, -6.5, -6.4, -6.3, -6.2, -6.1, -6.0, -5.9, -5.8, -5.7, -5.6, -5.5, -5.4, -5.3, -5.2, -5.1, -5.0, -4.9, -4.8, -4.7, -4.6, -4.5, -4.4, -4.3, -4.2, -4.1, -4.0, -3.9, -3.8, -3.7, -3.6, -3.5, -3.4, -3.3, -3.2, -3.1, -3.0, -2.9, -2.8, -2.7, -2.6, -2.5, -2.4, -2.3, -2.2, -2.1, -2.0, -1.9, -1.8, -1.7, -1.6, -1.5, -1.4, -1.3, -1.2, -1.1, -1.0, -0.9, -0.8, -0.7, -0.6, -0.5, -0.4, -0.3, -0.2, -0.1, 0.0, 0.1, 0.2, 0.3, 0.4, 0.5, 0.6, 0.7, 0.8, 0.9, 1.0, 1.1, 1.2, 1.3, 1.4, 1.5, 1.6, 1.7, 1.8, 1.9, 2.0, 2.1, 2.2, 2.3, 2.4, 2.5, 2.6, 2.7, 2.8, 2.9, 3.0, 3.1, 3.2, 3.3, 3.4, 3.5, 3.6, 3.7, 3.8, 3.9, 4.0, 4.1, 4.2, 4.3, 4.4, 4.5, 4.6, 4.7, 4.8, 4.9, 5.0, 5.1, 5.2, 5.3, 5.4, 5.5, 5.6, 5.7, 5.8, 5.9, 6.0, 6.1, 6.2, 6.3, 6.4, 6.5, 6.6, 6.7, 6.8, 6.9, 7.0, 7.1, 7.2, 7.3, 7.4, 7.5, 7.6, 7.7, 7.8, 7.9, 8.0, 8.1, 8.2, 8.3, 8.4, 8.5, 8.6, 8.7, 8.8, 8.9, 9.0, 9.1, 9.2, 9.3, 9.4, 9.5, 9.6, 9.7, 9.8, 9.9, 10.0], 'fitness_function': 'sigmoid_rmse', 'minimization': True, 'seed': 2, 'log_path': '../../data/results/final_comparison/credit/log_config_id_49.csv', 'verbose': False, 'log_level': 1, 'test_elite': True, 'p_xo': 0.8, 'max_depth': 17}}","{'train': {'rmse': 0.3852698504924774, 'wrmse': 0.5412006974220276, 'accuracy': 0.8005082607269287, 'roc_auc': 0.6481851935386658, 'f1_score': 0.0, 'precision': 0.0, 'recall': 0.0}, 'test': {'rmse': 0.39673128724098206, 'wrmse': 0.5693804025650024, 'accuracy': 0.7988165616989136, 'roc_auc': 0.6149237751960754, 'f1_score': 0.0, 'precision': 0.0, 'recall': 0.0}}",1317
49,3,"{'name': 'gp', 'scaling': True, 'oversampling': False, 'config': {'pop_size': 100, 'n_iter': 1000, 'elitism': True, 'n_elites': 1, 'init_depth': 6, 'initializer': 'rhh', 'tournament_size': 2, 'prob_const': 0.2, 'tree_functions': ['add', 'subtract', 'multiply', 'divide'], 'tree_constants': [-10.0, -9.9, -9.8, -9.7, -9.6, -9.5, -9.4, -9.3, -9.2, -9.1, -9.0, -8.9, -8.8, -8.7, -8.6, -8.5, -8.4, -8.3, -8.2, -8.1, -8.0, -7.9, -7.8, -7.7, -7.6, -7.5, -7.4, -7.3, -7.2, -7.1, -7.0, -6.9, -6.8, -6.7, -6.6, -6.5, -6.4, -6.3, -6.2, -6.1, -6.0, -5.9, -5.8, -5.7, -5.6, -5.5, -5.4, -5.3, -5.2, -5.1, -5.0, -4.9, -4.8, -4.7, -4.6, -4.5, -4.4, -4.3, -4.2, -4.1, -4.0, -3.9, -3.8, -3.7, -3.6, -3.5, -3.4, -3.3, -3.2, -3.1, -3.0, -2.9, -2.8, -2.7, -2.6, -2.5, -2.4, -2.3, -2.2, -2.1, -2.0, -1.9, -1.8, -1.7, -1.6, -1.5, -1.4, -1.3, -1.2, -1.1, -1.0, -0.9, -0.8, -0.7, -0.6, -0.5, -0.4, -0.3, -0.2, -0.1, 0.0, 0.1, 0.2, 0.3, 0.4, 0.5, 0.6, 0.7, 0.8, 0.9, 1.0, 1.1, 1.2, 1.3, 1.4, 1.5, 1.6, 1.7, 1.8, 1.9, 2.0, 2.1, 2.2, 2.3, 2.4, 2.5, 2.6, 2.7, 2.8, 2.9, 3.0, 3.1, 3.2, 3.3, 3.4, 3.5, 3.6, 3.7, 3.8, 3.9, 4.0, 4.1, 4.2, 4.3, 4.4, 4.5, 4.6, 4.7, 4.8, 4.9, 5.0, 5.1, 5.2, 5.3, 5.4, 5.5, 5.6, 5.7, 5.8, 5.9, 6.0, 6.1, 6.2, 6.3, 6.4, 6.5, 6.6, 6.7, 6.8, 6.9, 7.0, 7.1, 7.2, 7.3, 7.4, 7.5, 7.6, 7.7, 7.8, 7.9, 8.0, 8.1, 8.2, 8.3, 8.4, 8.5, 8.6, 8.7, 8.8, 8.9, 9.0, 9.1, 9.2, 9.3, 9.4, 9.5, 9.6, 9.7, 9.8, 9.9, 10.0], 'fitness_function': 'sigmoid_rmse', 'minimization': True, 'seed': 3, 'log_path': '../../data/results/final_comparison/credit/log_config_id_49.csv', 'verbose': False, 'log_level': 1, 'test_elite': True, 'p_xo': 0.8, 'max_depth': 17}}","{'train': {'rmse': 0.3907860219478607, 'wrmse': 0.5489519238471985, 'accuracy': 0.8055908679962158, 'roc_auc': 0.6435042023658752, 'f1_score': 0.08383233845233917, 'precision': 0.699999988079071, 'recall': 0.04458598792552948}, 'test': {'rmse': 0.39997828006744385, 'wrmse': 0.5640814304351807, 'accuracy': 0.7988165616989136, 'roc_auc': 0.6022875308990479, 'f1_score': 0.02857142873108387, 'precision': 0.5, 'recall': 0.014705882407724857}}",69
49,4,"{'name': 'gp', 'scaling': True, 'oversampling': False, 'config': {'pop_size': 100, 'n_iter': 1000, 'elitism': True, 'n_elites': 1, 'init_depth': 6, 'initializer': 'rhh', 'tournament_size': 2, 'prob_const': 0.2, 'tree_functions': ['add', 'subtract', 'multiply', 'divide'], 'tree_constants': [-10.0, -9.9, -9.8, -9.7, -9.6, -9.5, -9.4, -9.3, -9.2, -9.1, -9.0, -8.9, -8.8, -8.7, -8.6, -8.5, -8.4, -8.3, -8.2, -8.1, -8.0, -7.9, -7.8, -7.7, -7.6, -7.5, -7.4, -7.3, -7.2, -7.1, -7.0, -6.9, -6.8, -6.7, -6.6, -6.5, -6.4, -6.3, -6.2, -6.1, -6.0, -5.9, -5.8, -5.7, -5.6, -5.5, -5.4, -5.3, -5.2, -5.1, -5.0, -4.9, -4.8, -4.7, -4.6, -4.5, -4.4, -4.3, -4.2, -4.1, -4.0, -3.9, -3.8, -3.7, -3.6, -3.5, -3.4, -3.3, -3.2, -3.1, -3.0, -2.9, -2.8, -2.7, -2.6, -2.5, -2.4, -2.3, -2.2, -2.1, -2.0, -1.9, -1.8, -1.7, -1.6, -1.5, -1.4, -1.3, -1.2, -1.1, -1.0, -0.9, -0.8, -0.7, -0.6, -0.5, -0.4, -0.3, -0.2, -0.1, 0.0, 0.1, 0.2, 0.3, 0.4, 0.5, 0.6, 0.7, 0.8, 0.9, 1.0, 1.1, 1.2, 1.3, 1.4, 1.5, 1.6, 1.7, 1.8, 1.9, 2.0, 2.1, 2.2, 2.3, 2.4, 2.5, 2.6, 2.7, 2.8, 2.9, 3.0, 3.1, 3.2, 3.3, 3.4, 3.5, 3.6, 3.7, 3.8, 3.9, 4.0, 4.1, 4.2, 4.3, 4.4, 4.5, 4.6, 4.7, 4.8, 4.9, 5.0, 5.1, 5.2, 5.3, 5.4, 5.5, 5.6, 5.7, 5.8, 5.9, 6.0, 6.1, 6.2, 6.3, 6.4, 6.5, 6.6, 6.7, 6.8, 6.9, 7.0, 7.1, 7.2, 7.3, 7.4, 7.5, 7.6, 7.7, 7.8, 7.9, 8.0, 8.1, 8.2, 8.3, 8.4, 8.5, 8.6, 8.7, 8.8, 8.9, 9.0, 9.1, 9.2, 9.3, 9.4, 9.5, 9.6, 9.7, 9.8, 9.9, 10.0], 'fitness_function': 'sigmoid_rmse', 'minimization': True, 'seed': 4, 'log_path': '../../data/results/final_comparison/credit/log_config_id_49.csv', 'verbose': False, 'log_level': 1, 'test_elite': True, 'p_xo': 0.8, 'max_depth': 17}}","{'train': {'rmse': 0.3880445957183838, 'wrmse': 0.5737066864967346, 'accuracy': 0.8055908679962158, 'roc_auc': 0.6541704535484314, 'f1_score': 0.061349693685770035, 'precision': 0.8333333134651184, 'recall': 0.03184713423252106}, 'test': {'rmse': 0.3962104618549347, 'wrmse': 0.5825105309486389, 'accuracy': 0.8017751574516296, 'roc_auc': 0.6335511803627014, 'f1_score': 0.08219178766012192, 'precision': 0.6000000238418579, 'recall': 0.04411764815449715}}",23
49,5,"{'name': 'gp', 'scaling': True, 'oversampling': False, 'config': {'pop_size': 100, 'n_iter': 1000, 'elitism': True, 'n_elites': 1, 'init_depth': 6, 'initializer': 'rhh', 'tournament_size': 2, 'prob_const': 0.2, 'tree_functions': ['add', 'subtract', 'multiply', 'divide'], 'tree_constants': [-10.0, -9.9, -9.8, -9.7, -9.6, -9.5, -9.4, -9.3, -9.2, -9.1, -9.0, -8.9, -8.8, -8.7, -8.6, -8.5, -8.4, -8.3, -8.2, -8.1, -8.0, -7.9, -7.8, -7.7, -7.6, -7.5, -7.4, -7.3, -7.2, -7.1, -7.0, -6.9, -6.8, -6.7, -6.6, -6.5, -6.4, -6.3, -6.2, -6.1, -6.0, -5.9, -5.8, -5.7, -5.6, -5.5, -5.4, -5.3, -5.2, -5.1, -5.0, -4.9, -4.8, -4.7, -4.6, -4.5, -4.4, -4.3, -4.2, -4.1, -4.0, -3.9, -3.8, -3.7, -3.6, -3.5, -3.4, -3.3, -3.2, -3.1, -3.0, -2.9, -2.8, -2.7, -2.6, -2.5, -2.4, -2.3, -2.2, -2.1, -2.0, -1.9, -1.8, -1.7, -1.6, -1.5, -1.4, -1.3, -1.2, -1.1, -1.0, -0.9, -0.8, -0.7, -0.6, -0.5, -0.4, -0.3, -0.2, -0.1, 0.0, 0.1, 0.2, 0.3, 0.4, 0.5, 0.6, 0.7, 0.8, 0.9, 1.0, 1.1, 1.2, 1.3, 1.4, 1.5, 1.6, 1.7, 1.8, 1.9, 2.0, 2.1, 2.2, 2.3, 2.4, 2.5, 2.6, 2.7, 2.8, 2.9, 3.0, 3.1, 3.2, 3.3, 3.4, 3.5, 3.6, 3.7, 3.8, 3.9, 4.0, 4.1, 4.2, 4.3, 4.4, 4.5, 4.6, 4.7, 4.8, 4.9, 5.0, 5.1, 5.2, 5.3, 5.4, 5.5, 5.6, 5.7, 5.8, 5.9, 6.0, 6.1, 6.2, 6.3, 6.4, 6.5, 6.6, 6.7, 6.8, 6.9, 7.0, 7.1, 7.2, 7.3, 7.4, 7.5, 7.6, 7.7, 7.8, 7.9, 8.0, 8.1, 8.2, 8.3, 8.4, 8.5, 8.6, 8.7, 8.8, 8.9, 9.0, 9.1, 9.2, 9.3, 9.4, 9.5, 9.6, 9.7, 9.8, 9.9, 10.0], 'fitness_function': 'sigmoid_rmse', 'minimization': True, 'seed': 5, 'log_path': '../../data/results/final_comparison/credit/log_config_id_49.csv', 'verbose': False, 'log_level': 1, 'test_elite': True, 'p_xo': 0.8, 'max_depth': 17}}","{'train': {'rmse': 0.3819512128829956, 'wrmse': 0.5472662448883057, 'accuracy': 0.8030495643615723, 'roc_auc': 0.6936912536621094, 'f1_score': 0.12429378181695938, 'precision': 0.550000011920929, 'recall': 0.07006369531154633}, 'test': {'rmse': 0.4033980965614319, 'wrmse': 0.5752770304679871, 'accuracy': 0.7899408340454102, 'roc_auc': 0.6120915412902832, 'f1_score': 0.0533333346247673, 'precision': 0.2857142984867096, 'recall': 0.029411764815449715}}",201
49,6,"{'name': 'gp', 'scaling': True, 'oversampling': False, 'config': {'pop_size': 100, 'n_iter': 1000, 'elitism': True, 'n_elites': 1, 'init_depth': 6, 'initializer': 'rhh', 'tournament_size': 2, 'prob_const': 0.2, 'tree_functions': ['add', 'subtract', 'multiply', 'divide'], 'tree_constants': [-10.0, -9.9, -9.8, -9.7, -9.6, -9.5, -9.4, -9.3, -9.2, -9.1, -9.0, -8.9, -8.8, -8.7, -8.6, -8.5, -8.4, -8.3, -8.2, -8.1, -8.0, -7.9, -7.8, -7.7, -7.6, -7.5, -7.4, -7.3, -7.2, -7.1, -7.0, -6.9, -6.8, -6.7, -6.6, -6.5, -6.4, -6.3, -6.2, -6.1, -6.0, -5.9, -5.8, -5.7, -5.6, -5.5, -5.4, -5.3, -5.2, -5.1, -5.0, -4.9, -4.8, -4.7, -4.6, -4.5, -4.4, -4.3, -4.2, -4.1, -4.0, -3.9, -3.8, -3.7, -3.6, -3.5, -3.4, -3.3, -3.2, -3.1, -3.0, -2.9, -2.8, -2.7, -2.6, -2.5, -2.4, -2.3, -2.2, -2.1, -2.0, -1.9, -1.8, -1.7, -1.6, -1.5, -1.4, -1.3, -1.2, -1.1, -1.0, -0.9, -0.8, -0.7, -0.6, -0.5, -0.4, -0.3, -0.2, -0.1, 0.0, 0.1, 0.2, 0.3, 0.4, 0.5, 0.6, 0.7, 0.8, 0.9, 1.0, 1.1, 1.2, 1.3, 1.4, 1.5, 1.6, 1.7, 1.8, 1.9, 2.0, 2.1, 2.2, 2.3, 2.4, 2.5, 2.6, 2.7, 2.8, 2.9, 3.0, 3.1, 3.2, 3.3, 3.4, 3.5, 3.6, 3.7, 3.8, 3.9, 4.0, 4.1, 4.2, 4.3, 4.4, 4.5, 4.6, 4.7, 4.8, 4.9, 5.0, 5.1, 5.2, 5.3, 5.4, 5.5, 5.6, 5.7, 5.8, 5.9, 6.0, 6.1, 6.2, 6.3, 6.4, 6.5, 6.6, 6.7, 6.8, 6.9, 7.0, 7.1, 7.2, 7.3, 7.4, 7.5, 7.6, 7.7, 7.8, 7.9, 8.0, 8.1, 8.2, 8.3, 8.4, 8.5, 8.6, 8.7, 8.8, 8.9, 9.0, 9.1, 9.2, 9.3, 9.4, 9.5, 9.6, 9.7, 9.8, 9.9, 10.0], 'fitness_function': 'sigmoid_rmse', 'minimization': True, 'seed': 6, 'log_path': '../../data/results/final_comparison/credit/log_config_id_49.csv', 'verbose': False, 'log_level': 1, 'test_elite': True, 'p_xo': 0.8, 'max_depth': 17}}","{'train': {'rmse': 0.3767709732055664, 'wrmse': 0.5349830985069275, 'accuracy': 0.8195679783821106, 'roc_auc': 0.7062885761260986, 'f1_score': 0.22826088964939117, 'precision': 0.7777777910232544, 'recall': 0.13375796377658844}, 'test': {'rmse': 0.40454667806625366, 'wrmse': 0.5600155591964722, 'accuracy': 0.7810651063919067, 'roc_auc': 0.6297930479049683, 'f1_score': 0.1190476268529892, 'precision': 0.3125, 'recall': 0.07352941483259201}}",155
49,7,"{'name': 'gp', 'scaling': True, 'oversampling': False, 'config': {'pop_size': 100, 'n_iter': 1000, 'elitism': True, 'n_elites': 1, 'init_depth': 6, 'initializer': 'rhh', 'tournament_size': 2, 'prob_const': 0.2, 'tree_functions': ['add', 'subtract', 'multiply', 'divide'], 'tree_constants': [-10.0, -9.9, -9.8, -9.7, -9.6, -9.5, -9.4, -9.3, -9.2, -9.1, -9.0, -8.9, -8.8, -8.7, -8.6, -8.5, -8.4, -8.3, -8.2, -8.1, -8.0, -7.9, -7.8, -7.7, -7.6, -7.5, -7.4, -7.3, -7.2, -7.1, -7.0, -6.9, -6.8, -6.7, -6.6, -6.5, -6.4, -6.3, -6.2, -6.1, -6.0, -5.9, -5.8, -5.7, -5.6, -5.5, -5.4, -5.3, -5.2, -5.1, -5.0, -4.9, -4.8, -4.7, -4.6, -4.5, -4.4, -4.3, -4.2, -4.1, -4.0, -3.9, -3.8, -3.7, -3.6, -3.5, -3.4, -3.3, -3.2, -3.1, -3.0, -2.9, -2.8, -2.7, -2.6, -2.5, -2.4, -2.3, -2.2, -2.1, -2.0, -1.9, -1.8, -1.7, -1.6, -1.5, -1.4, -1.3, -1.2, -1.1, -1.0, -0.9, -0.8, -0.7, -0.6, -0.5, -0.4, -0.3, -0.2, -0.1, 0.0, 0.1, 0.2, 0.3, 0.4, 0.5, 0.6, 0.7, 0.8, 0.9, 1.0, 1.1, 1.2, 1.3, 1.4, 1.5, 1.6, 1.7, 1.8, 1.9, 2.0, 2.1, 2.2, 2.3, 2.4, 2.5, 2.6, 2.7, 2.8, 2.9, 3.0, 3.1, 3.2, 3.3, 3.4, 3.5, 3.6, 3.7, 3.8, 3.9, 4.0, 4.1, 4.2, 4.3, 4.4, 4.5, 4.6, 4.7, 4.8, 4.9, 5.0, 5.1, 5.2, 5.3, 5.4, 5.5, 5.6, 5.7, 5.8, 5.9, 6.0, 6.1, 6.2, 6.3, 6.4, 6.5, 6.6, 6.7, 6.8, 6.9, 7.0, 7.1, 7.2, 7.3, 7.4, 7.5, 7.6, 7.7, 7.8, 7.9, 8.0, 8.1, 8.2, 8.3, 8.4, 8.5, 8.6, 8.7, 8.8, 8.9, 9.0, 9.1, 9.2, 9.3, 9.4, 9.5, 9.6, 9.7, 9.8, 9.9, 10.0], 'fitness_function': 'sigmoid_rmse', 'minimization': True, 'seed': 7, 'log_path': '../../data/results/final_comparison/credit/log_config_id_49.csv', 'verbose': False, 'log_level': 1, 'test_elite': True, 'p_xo': 0.8, 'max_depth': 17}}","{'train': {'rmse': 0.3798415958881378, 'wrmse': 0.5466738343238831, 'accuracy': 0.8157560229301453, 'roc_auc': 0.702355682849884, 'f1_score': 0.19889503717422485, 'precision': 0.75, 'recall': 0.1146496832370758}, 'test': {'rmse': 0.4084743857383728, 'wrmse': 0.5868425965309143, 'accuracy': 0.7899408340454102, 'roc_auc': 0.6011438369750977, 'f1_score': 0.10126582533121109, 'precision': 0.3636363744735718, 'recall': 0.05882352963089943}}",141
49,8,"{'name': 'gp', 'scaling': True, 'oversampling': False, 'config': {'pop_size': 100, 'n_iter': 1000, 'elitism': True, 'n_elites': 1, 'init_depth': 6, 'initializer': 'rhh', 'tournament_size': 2, 'prob_const': 0.2, 'tree_functions': ['add', 'subtract', 'multiply', 'divide'], 'tree_constants': [-10.0, -9.9, -9.8, -9.7, -9.6, -9.5, -9.4, -9.3, -9.2, -9.1, -9.0, -8.9, -8.8, -8.7, -8.6, -8.5, -8.4, -8.3, -8.2, -8.1, -8.0, -7.9, -7.8, -7.7, -7.6, -7.5, -7.4, -7.3, -7.2, -7.1, -7.0, -6.9, -6.8, -6.7, -6.6, -6.5, -6.4, -6.3, -6.2, -6.1, -6.0, -5.9, -5.8, -5.7, -5.6, -5.5, -5.4, -5.3, -5.2, -5.1, -5.0, -4.9, -4.8, -4.7, -4.6, -4.5, -4.4, -4.3, -4.2, -4.1, -4.0, -3.9, -3.8, -3.7, -3.6, -3.5, -3.4, -3.3, -3.2, -3.1, -3.0, -2.9, -2.8, -2.7, -2.6, -2.5, -2.4, -2.3, -2.2, -2.1, -2.0, -1.9, -1.8, -1.7, -1.6, -1.5, -1.4, -1.3, -1.2, -1.1, -1.0, -0.9, -0.8, -0.7, -0.6, -0.5, -0.4, -0.3, -0.2, -0.1, 0.0, 0.1, 0.2, 0.3, 0.4, 0.5, 0.6, 0.7, 0.8, 0.9, 1.0, 1.1, 1.2, 1.3, 1.4, 1.5, 1.6, 1.7, 1.8, 1.9, 2.0, 2.1, 2.2, 2.3, 2.4, 2.5, 2.6, 2.7, 2.8, 2.9, 3.0, 3.1, 3.2, 3.3, 3.4, 3.5, 3.6, 3.7, 3.8, 3.9, 4.0, 4.1, 4.2, 4.3, 4.4, 4.5, 4.6, 4.7, 4.8, 4.9, 5.0, 5.1, 5.2, 5.3, 5.4, 5.5, 5.6, 5.7, 5.8, 5.9, 6.0, 6.1, 6.2, 6.3, 6.4, 6.5, 6.6, 6.7, 6.8, 6.9, 7.0, 7.1, 7.2, 7.3, 7.4, 7.5, 7.6, 7.7, 7.8, 7.9, 8.0, 8.1, 8.2, 8.3, 8.4, 8.5, 8.6, 8.7, 8.8, 8.9, 9.0, 9.1, 9.2, 9.3, 9.4, 9.5, 9.6, 9.7, 9.8, 9.9, 10.0], 'fitness_function': 'sigmoid_rmse', 'minimization': True, 'seed': 8, 'log_path': '../../data/results/final_comparison/credit/log_config_id_49.csv', 'verbose': False, 'log_level': 1, 'test_elite': True, 'p_xo': 0.8, 'max_depth': 17}}","{'train': {'rmse': 0.3827427625656128, 'wrmse': 0.5406983494758606, 'accuracy': 0.8119440674781799, 'roc_auc': 0.6736528277397156, 'f1_score': 0.21276594698429108, 'precision': 0.6451612710952759, 'recall': 0.12738853693008423}, 'test': {'rmse': 0.39794301986694336, 'wrmse': 0.5579001903533936, 'accuracy': 0.8047337532043457, 'roc_auc': 0.5925381183624268, 'f1_score': 0.17500001192092896, 'precision': 0.5833333134651184, 'recall': 0.10294117778539658}}",47
49,9,"{'name': 'gp', 'scaling': True, 'oversampling': False, 'config': {'pop_size': 100, 'n_iter': 1000, 'elitism': True, 'n_elites': 1, 'init_depth': 6, 'initializer': 'rhh', 'tournament_size': 2, 'prob_const': 0.2, 'tree_functions': ['add', 'subtract', 'multiply', 'divide'], 'tree_constants': [-10.0, -9.9, -9.8, -9.7, -9.6, -9.5, -9.4, -9.3, -9.2, -9.1, -9.0, -8.9, -8.8, -8.7, -8.6, -8.5, -8.4, -8.3, -8.2, -8.1, -8.0, -7.9, -7.8, -7.7, -7.6, -7.5, -7.4, -7.3, -7.2, -7.1, -7.0, -6.9, -6.8, -6.7, -6.6, -6.5, -6.4, -6.3, -6.2, -6.1, -6.0, -5.9, -5.8, -5.7, -5.6, -5.5, -5.4, -5.3, -5.2, -5.1, -5.0, -4.9, -4.8, -4.7, -4.6, -4.5, -4.4, -4.3, -4.2, -4.1, -4.0, -3.9, -3.8, -3.7, -3.6, -3.5, -3.4, -3.3, -3.2, -3.1, -3.0, -2.9, -2.8, -2.7, -2.6, -2.5, -2.4, -2.3, -2.2, -2.1, -2.0, -1.9, -1.8, -1.7, -1.6, -1.5, -1.4, -1.3, -1.2, -1.1, -1.0, -0.9, -0.8, -0.7, -0.6, -0.5, -0.4, -0.3, -0.2, -0.1, 0.0, 0.1, 0.2, 0.3, 0.4, 0.5, 0.6, 0.7, 0.8, 0.9, 1.0, 1.1, 1.2, 1.3, 1.4, 1.5, 1.6, 1.7, 1.8, 1.9, 2.0, 2.1, 2.2, 2.3, 2.4, 2.5, 2.6, 2.7, 2.8, 2.9, 3.0, 3.1, 3.2, 3.3, 3.4, 3.5, 3.6, 3.7, 3.8, 3.9, 4.0, 4.1, 4.2, 4.3, 4.4, 4.5, 4.6, 4.7, 4.8, 4.9, 5.0, 5.1, 5.2, 5.3, 5.4, 5.5, 5.6, 5.7, 5.8, 5.9, 6.0, 6.1, 6.2, 6.3, 6.4, 6.5, 6.6, 6.7, 6.8, 6.9, 7.0, 7.1, 7.2, 7.3, 7.4, 7.5, 7.6, 7.7, 7.8, 7.9, 8.0, 8.1, 8.2, 8.3, 8.4, 8.5, 8.6, 8.7, 8.8, 8.9, 9.0, 9.1, 9.2, 9.3, 9.4, 9.5, 9.6, 9.7, 9.8, 9.9, 10.0], 'fitness_function': 'sigmoid_rmse', 'minimization': True, 'seed': 9, 'log_path': '../../data/results/final_comparison/credit/log_config_id_49.csv', 'verbose': False, 'log_level': 1, 'test_elite': True, 'p_xo': 0.8, 'max_depth': 17}}","{'train': {'rmse': 0.38322025537490845, 'wrmse': 0.5494308471679688, 'accuracy': 0.8030495643615723, 'roc_auc': 0.6872206926345825, 'f1_score': 0.11428572237491608, 'precision': 0.5555555820465088, 'recall': 0.06369426846504211}, 'test': {'rmse': 0.4018985629081726, 'wrmse': 0.5701420307159424, 'accuracy': 0.7928994297981262, 'roc_auc': 0.610021710395813, 'f1_score': 0.07894737273454666, 'precision': 0.375, 'recall': 0.04411764815449715}}",591
49,10,"{'name': 'gp', 'scaling': True, 'oversampling': False, 'config': {'pop_size': 100, 'n_iter': 1000, 'elitism': True, 'n_elites': 1, 'init_depth': 6, 'initializer': 'rhh', 'tournament_size': 2, 'prob_const': 0.2, 'tree_functions': ['add', 'subtract', 'multiply', 'divide'], 'tree_constants': [-10.0, -9.9, -9.8, -9.7, -9.6, -9.5, -9.4, -9.3, -9.2, -9.1, -9.0, -8.9, -8.8, -8.7, -8.6, -8.5, -8.4, -8.3, -8.2, -8.1, -8.0, -7.9, -7.8, -7.7, -7.6, -7.5, -7.4, -7.3, -7.2, -7.1, -7.0, -6.9, -6.8, -6.7, -6.6, -6.5, -6.4, -6.3, -6.2, -6.1, -6.0, -5.9, -5.8, -5.7, -5.6, -5.5, -5.4, -5.3, -5.2, -5.1, -5.0, -4.9, -4.8, -4.7, -4.6, -4.5, -4.4, -4.3, -4.2, -4.1, -4.0, -3.9, -3.8, -3.7, -3.6, -3.5, -3.4, -3.3, -3.2, -3.1, -3.0, -2.9, -2.8, -2.7, -2.6, -2.5, -2.4, -2.3, -2.2, -2.1, -2.0, -1.9, -1.8, -1.7, -1.6, -1.5, -1.4, -1.3, -1.2, -1.1, -1.0, -0.9, -0.8, -0.7, -0.6, -0.5, -0.4, -0.3, -0.2, -0.1, 0.0, 0.1, 0.2, 0.3, 0.4, 0.5, 0.6, 0.7, 0.8, 0.9, 1.0, 1.1, 1.2, 1.3, 1.4, 1.5, 1.6, 1.7, 1.8, 1.9, 2.0, 2.1, 2.2, 2.3, 2.4, 2.5, 2.6, 2.7, 2.8, 2.9, 3.0, 3.1, 3.2, 3.3, 3.4, 3.5, 3.6, 3.7, 3.8, 3.9, 4.0, 4.1, 4.2, 4.3, 4.4, 4.5, 4.6, 4.7, 4.8, 4.9, 5.0, 5.1, 5.2, 5.3, 5.4, 5.5, 5.6, 5.7, 5.8, 5.9, 6.0, 6.1, 6.2, 6.3, 6.4, 6.5, 6.6, 6.7, 6.8, 6.9, 7.0, 7.1, 7.2, 7.3, 7.4, 7.5, 7.6, 7.7, 7.8, 7.9, 8.0, 8.1, 8.2, 8.3, 8.4, 8.5, 8.6, 8.7, 8.8, 8.9, 9.0, 9.1, 9.2, 9.3, 9.4, 9.5, 9.6, 9.7, 9.8, 9.9, 10.0], 'fitness_function': 'sigmoid_rmse', 'minimization': True, 'seed': 10, 'log_path': '../../data/results/final_comparison/credit/log_config_id_49.csv', 'verbose': False, 'log_level': 1, 'test_elite': True, 'p_xo': 0.8, 'max_depth': 17}}","{'train': {'rmse': 0.3879891633987427, 'wrmse': 0.551791787147522, 'accuracy': 0.8030495643615723, 'roc_auc': 0.6690324544906616, 'f1_score': 0.03726708143949509, 'precision': 0.75, 'recall': 0.019108280539512634}, 'test': {'rmse': 0.4019577205181122, 'wrmse': 0.5679637789726257, 'accuracy': 0.7988165616989136, 'roc_auc': 0.5895424485206604, 'f1_score': 0.0555555522441864, 'precision': 0.5, 'recall': 0.029411764815449715}}",61
49,11,"{'name': 'gp', 'scaling': True, 'oversampling': False, 'config': {'pop_size': 100, 'n_iter': 1000, 'elitism': True, 'n_elites': 1, 'init_depth': 6, 'initializer': 'rhh', 'tournament_size': 2, 'prob_const': 0.2, 'tree_functions': ['add', 'subtract', 'multiply', 'divide'], 'tree_constants': [-10.0, -9.9, -9.8, -9.7, -9.6, -9.5, -9.4, -9.3, -9.2, -9.1, -9.0, -8.9, -8.8, -8.7, -8.6, -8.5, -8.4, -8.3, -8.2, -8.1, -8.0, -7.9, -7.8, -7.7, -7.6, -7.5, -7.4, -7.3, -7.2, -7.1, -7.0, -6.9, -6.8, -6.7, -6.6, -6.5, -6.4, -6.3, -6.2, -6.1, -6.0, -5.9, -5.8, -5.7, -5.6, -5.5, -5.4, -5.3, -5.2, -5.1, -5.0, -4.9, -4.8, -4.7, -4.6, -4.5, -4.4, -4.3, -4.2, -4.1, -4.0, -3.9, -3.8, -3.7, -3.6, -3.5, -3.4, -3.3, -3.2, -3.1, -3.0, -2.9, -2.8, -2.7, -2.6, -2.5, -2.4, -2.3, -2.2, -2.1, -2.0, -1.9, -1.8, -1.7, -1.6, -1.5, -1.4, -1.3, -1.2, -1.1, -1.0, -0.9, -0.8, -0.7, -0.6, -0.5, -0.4, -0.3, -0.2, -0.1, 0.0, 0.1, 0.2, 0.3, 0.4, 0.5, 0.6, 0.7, 0.8, 0.9, 1.0, 1.1, 1.2, 1.3, 1.4, 1.5, 1.6, 1.7, 1.8, 1.9, 2.0, 2.1, 2.2, 2.3, 2.4, 2.5, 2.6, 2.7, 2.8, 2.9, 3.0, 3.1, 3.2, 3.3, 3.4, 3.5, 3.6, 3.7, 3.8, 3.9, 4.0, 4.1, 4.2, 4.3, 4.4, 4.5, 4.6, 4.7, 4.8, 4.9, 5.0, 5.1, 5.2, 5.3, 5.4, 5.5, 5.6, 5.7, 5.8, 5.9, 6.0, 6.1, 6.2, 6.3, 6.4, 6.5, 6.6, 6.7, 6.8, 6.9, 7.0, 7.1, 7.2, 7.3, 7.4, 7.5, 7.6, 7.7, 7.8, 7.9, 8.0, 8.1, 8.2, 8.3, 8.4, 8.5, 8.6, 8.7, 8.8, 8.9, 9.0, 9.1, 9.2, 9.3, 9.4, 9.5, 9.6, 9.7, 9.8, 9.9, 10.0], 'fitness_function': 'sigmoid_rmse', 'minimization': True, 'seed': 11, 'log_path': '../../data/results/final_comparison/credit/log_config_id_49.csv', 'verbose': False, 'log_level': 1, 'test_elite': True, 'p_xo': 0.8, 'max_depth': 17}}","{'train': {'rmse': 0.3796820342540741, 'wrmse': 0.5369768142700195, 'accuracy': 0.8157560229301453, 'roc_auc': 0.6852896809577942, 'f1_score': 0.1807909607887268, 'precision': 0.800000011920929, 'recall': 0.10191082954406738}, 'test': {'rmse': 0.41190698742866516, 'wrmse': 0.5669856071472168, 'accuracy': 0.7869822382926941, 'roc_auc': 0.5474400520324707, 'f1_score': 0.12195122241973877, 'precision': 0.3571428656578064, 'recall': 0.07352941483259201}}",83
49,12,"{'name': 'gp', 'scaling': True, 'oversampling': False, 'config': {'pop_size': 100, 'n_iter': 1000, 'elitism': True, 'n_elites': 1, 'init_depth': 6, 'initializer': 'rhh', 'tournament_size': 2, 'prob_const': 0.2, 'tree_functions': ['add', 'subtract', 'multiply', 'divide'], 'tree_constants': [-10.0, -9.9, -9.8, -9.7, -9.6, -9.5, -9.4, -9.3, -9.2, -9.1, -9.0, -8.9, -8.8, -8.7, -8.6, -8.5, -8.4, -8.3, -8.2, -8.1, -8.0, -7.9, -7.8, -7.7, -7.6, -7.5, -7.4, -7.3, -7.2, -7.1, -7.0, -6.9, -6.8, -6.7, -6.6, -6.5, -6.4, -6.3, -6.2, -6.1, -6.0, -5.9, -5.8, -5.7, -5.6, -5.5, -5.4, -5.3, -5.2, -5.1, -5.0, -4.9, -4.8, -4.7, -4.6, -4.5, -4.4, -4.3, -4.2, -4.1, -4.0, -3.9, -3.8, -3.7, -3.6, -3.5, -3.4, -3.3, -3.2, -3.1, -3.0, -2.9, -2.8, -2.7, -2.6, -2.5, -2.4, -2.3, -2.2, -2.1, -2.0, -1.9, -1.8, -1.7, -1.6, -1.5, -1.4, -1.3, -1.2, -1.1, -1.0, -0.9, -0.8, -0.7, -0.6, -0.5, -0.4, -0.3, -0.2, -0.1, 0.0, 0.1, 0.2, 0.3, 0.4, 0.5, 0.6, 0.7, 0.8, 0.9, 1.0, 1.1, 1.2, 1.3, 1.4, 1.5, 1.6, 1.7, 1.8, 1.9, 2.0, 2.1, 2.2, 2.3, 2.4, 2.5, 2.6, 2.7, 2.8, 2.9, 3.0, 3.1, 3.2, 3.3, 3.4, 3.5, 3.6, 3.7, 3.8, 3.9, 4.0, 4.1, 4.2, 4.3, 4.4, 4.5, 4.6, 4.7, 4.8, 4.9, 5.0, 5.1, 5.2, 5.3, 5.4, 5.5, 5.6, 5.7, 5.8, 5.9, 6.0, 6.1, 6.2, 6.3, 6.4, 6.5, 6.6, 6.7, 6.8, 6.9, 7.0, 7.1, 7.2, 7.3, 7.4, 7.5, 7.6, 7.7, 7.8, 7.9, 8.0, 8.1, 8.2, 8.3, 8.4, 8.5, 8.6, 8.7, 8.8, 8.9, 9.0, 9.1, 9.2, 9.3, 9.4, 9.5, 9.6, 9.7, 9.8, 9.9, 10.0], 'fitness_function': 'sigmoid_rmse', 'minimization': True, 'seed': 12, 'log_path': '../../data/results/final_comparison/credit/log_config_id_49.csv', 'verbose': False, 'log_level': 1, 'test_elite': True, 'p_xo': 0.8, 'max_depth': 17}}","{'train': {'rmse': 0.3830481469631195, 'wrmse': 0.5550383925437927, 'accuracy': 0.8055908679962158, 'roc_auc': 0.6888989806175232, 'f1_score': 0.04968944564461708, 'precision': 1.0, 'recall': 0.025477707386016846}, 'test': {'rmse': 0.40470218658447266, 'wrmse': 0.5866860151290894, 'accuracy': 0.7928994297981262, 'roc_auc': 0.6087146401405334, 'f1_score': 0.0, 'precision': 0.0, 'recall': 0.0}}",87
49,13,"{'name': 'gp', 'scaling': True, 'oversampling': False, 'config': {'pop_size': 100, 'n_iter': 1000, 'elitism': True, 'n_elites': 1, 'init_depth': 6, 'initializer': 'rhh', 'tournament_size': 2, 'prob_const': 0.2, 'tree_functions': ['add', 'subtract', 'multiply', 'divide'], 'tree_constants': [-10.0, -9.9, -9.8, -9.7, -9.6, -9.5, -9.4, -9.3, -9.2, -9.1, -9.0, -8.9, -8.8, -8.7, -8.6, -8.5, -8.4, -8.3, -8.2, -8.1, -8.0, -7.9, -7.8, -7.7, -7.6, -7.5, -7.4, -7.3, -7.2, -7.1, -7.0, -6.9, -6.8, -6.7, -6.6, -6.5, -6.4, -6.3, -6.2, -6.1, -6.0, -5.9, -5.8, -5.7, -5.6, -5.5, -5.4, -5.3, -5.2, -5.1, -5.0, -4.9, -4.8, -4.7, -4.6, -4.5, -4.4, -4.3, -4.2, -4.1, -4.0, -3.9, -3.8, -3.7, -3.6, -3.5, -3.4, -3.3, -3.2, -3.1, -3.0, -2.9, -2.8, -2.7, -2.6, -2.5, -2.4, -2.3, -2.2, -2.1, -2.0, -1.9, -1.8, -1.7, -1.6, -1.5, -1.4, -1.3, -1.2, -1.1, -1.0, -0.9, -0.8, -0.7, -0.6, -0.5, -0.4, -0.3, -0.2, -0.1, 0.0, 0.1, 0.2, 0.3, 0.4, 0.5, 0.6, 0.7, 0.8, 0.9, 1.0, 1.1, 1.2, 1.3, 1.4, 1.5, 1.6, 1.7, 1.8, 1.9, 2.0, 2.1, 2.2, 2.3, 2.4, 2.5, 2.6, 2.7, 2.8, 2.9, 3.0, 3.1, 3.2, 3.3, 3.4, 3.5, 3.6, 3.7, 3.8, 3.9, 4.0, 4.1, 4.2, 4.3, 4.4, 4.5, 4.6, 4.7, 4.8, 4.9, 5.0, 5.1, 5.2, 5.3, 5.4, 5.5, 5.6, 5.7, 5.8, 5.9, 6.0, 6.1, 6.2, 6.3, 6.4, 6.5, 6.6, 6.7, 6.8, 6.9, 7.0, 7.1, 7.2, 7.3, 7.4, 7.5, 7.6, 7.7, 7.8, 7.9, 8.0, 8.1, 8.2, 8.3, 8.4, 8.5, 8.6, 8.7, 8.8, 8.9, 9.0, 9.1, 9.2, 9.3, 9.4, 9.5, 9.6, 9.7, 9.8, 9.9, 10.0], 'fitness_function': 'sigmoid_rmse', 'minimization': True, 'seed': 13, 'log_path': '../../data/results/final_comparison/credit/log_config_id_49.csv', 'verbose': False, 'log_level': 1, 'test_elite': True, 'p_xo': 0.8, 'max_depth': 17}}","{'train': {'rmse': 0.38981109857559204, 'wrmse': 0.5520163178443909, 'accuracy': 0.8017789125442505, 'roc_auc': 0.6560407876968384, 'f1_score': 0.012658227235078812, 'precision': 1.0, 'recall': 0.006369426846504211}, 'test': {'rmse': 0.3946559429168701, 'wrmse': 0.556840181350708, 'accuracy': 0.7958579659461975, 'roc_auc': 0.6565904021263123, 'f1_score': 0.0, 'precision': 0.0, 'recall': 0.0}}",221
49,14,"{'name': 'gp', 'scaling': True, 'oversampling': False, 'config': {'pop_size': 100, 'n_iter': 1000, 'elitism': True, 'n_elites': 1, 'init_depth': 6, 'initializer': 'rhh', 'tournament_size': 2, 'prob_const': 0.2, 'tree_functions': ['add', 'subtract', 'multiply', 'divide'], 'tree_constants': [-10.0, -9.9, -9.8, -9.7, -9.6, -9.5, -9.4, -9.3, -9.2, -9.1, -9.0, -8.9, -8.8, -8.7, -8.6, -8.5, -8.4, -8.3, -8.2, -8.1, -8.0, -7.9, -7.8, -7.7, -7.6, -7.5, -7.4, -7.3, -7.2, -7.1, -7.0, -6.9, -6.8, -6.7, -6.6, -6.5, -6.4, -6.3, -6.2, -6.1, -6.0, -5.9, -5.8, -5.7, -5.6, -5.5, -5.4, -5.3, -5.2, -5.1, -5.0, -4.9, -4.8, -4.7, -4.6, -4.5, -4.4, -4.3, -4.2, -4.1, -4.0, -3.9, -3.8, -3.7, -3.6, -3.5, -3.4, -3.3, -3.2, -3.1, -3.0, -2.9, -2.8, -2.7, -2.6, -2.5, -2.4, -2.3, -2.2, -2.1, -2.0, -1.9, -1.8, -1.7, -1.6, -1.5, -1.4, -1.3, -1.2, -1.1, -1.0, -0.9, -0.8, -0.7, -0.6, -0.5, -0.4, -0.3, -0.2, -0.1, 0.0, 0.1, 0.2, 0.3, 0.4, 0.5, 0.6, 0.7, 0.8, 0.9, 1.0, 1.1, 1.2, 1.3, 1.4, 1.5, 1.6, 1.7, 1.8, 1.9, 2.0, 2.1, 2.2, 2.3, 2.4, 2.5, 2.6, 2.7, 2.8, 2.9, 3.0, 3.1, 3.2, 3.3, 3.4, 3.5, 3.6, 3.7, 3.8, 3.9, 4.0, 4.1, 4.2, 4.3, 4.4, 4.5, 4.6, 4.7, 4.8, 4.9, 5.0, 5.1, 5.2, 5.3, 5.4, 5.5, 5.6, 5.7, 5.8, 5.9, 6.0, 6.1, 6.2, 6.3, 6.4, 6.5, 6.6, 6.7, 6.8, 6.9, 7.0, 7.1, 7.2, 7.3, 7.4, 7.5, 7.6, 7.7, 7.8, 7.9, 8.0, 8.1, 8.2, 8.3, 8.4, 8.5, 8.6, 8.7, 8.8, 8.9, 9.0, 9.1, 9.2, 9.3, 9.4, 9.5, 9.6, 9.7, 9.8, 9.9, 10.0], 'fitness_function': 'sigmoid_rmse', 'minimization': True, 'seed': 14, 'log_path': '../../data/results/final_comparison/credit/log_config_id_49.csv', 'verbose': False, 'log_level': 1, 'test_elite': True, 'p_xo': 0.8, 'max_depth': 17}}","{'train': {'rmse': 0.3913726508617401, 'wrmse': 0.5633773803710938, 'accuracy': 0.8017789125442505, 'roc_auc': 0.6403800845146179, 'f1_score': 0.012658227235078812, 'precision': 1.0, 'recall': 0.006369426846504211}, 'test': {'rmse': 0.38689124584198, 'wrmse': 0.5588389039039612, 'accuracy': 0.7988165616989136, 'roc_auc': 0.7029411792755127, 'f1_score': 0.0, 'precision': 0.0, 'recall': 0.0}}",87
49,15,"{'name': 'gp', 'scaling': True, 'oversampling': False, 'config': {'pop_size': 100, 'n_iter': 1000, 'elitism': True, 'n_elites': 1, 'init_depth': 6, 'initializer': 'rhh', 'tournament_size': 2, 'prob_const': 0.2, 'tree_functions': ['add', 'subtract', 'multiply', 'divide'], 'tree_constants': [-10.0, -9.9, -9.8, -9.7, -9.6, -9.5, -9.4, -9.3, -9.2, -9.1, -9.0, -8.9, -8.8, -8.7, -8.6, -8.5, -8.4, -8.3, -8.2, -8.1, -8.0, -7.9, -7.8, -7.7, -7.6, -7.5, -7.4, -7.3, -7.2, -7.1, -7.0, -6.9, -6.8, -6.7, -6.6, -6.5, -6.4, -6.3, -6.2, -6.1, -6.0, -5.9, -5.8, -5.7, -5.6, -5.5, -5.4, -5.3, -5.2, -5.1, -5.0, -4.9, -4.8, -4.7, -4.6, -4.5, -4.4, -4.3, -4.2, -4.1, -4.0, -3.9, -3.8, -3.7, -3.6, -3.5, -3.4, -3.3, -3.2, -3.1, -3.0, -2.9, -2.8, -2.7, -2.6, -2.5, -2.4, -2.3, -2.2, -2.1, -2.0, -1.9, -1.8, -1.7, -1.6, -1.5, -1.4, -1.3, -1.2, -1.1, -1.0, -0.9, -0.8, -0.7, -0.6, -0.5, -0.4, -0.3, -0.2, -0.1, 0.0, 0.1, 0.2, 0.3, 0.4, 0.5, 0.6, 0.7, 0.8, 0.9, 1.0, 1.1, 1.2, 1.3, 1.4, 1.5, 1.6, 1.7, 1.8, 1.9, 2.0, 2.1, 2.2, 2.3, 2.4, 2.5, 2.6, 2.7, 2.8, 2.9, 3.0, 3.1, 3.2, 3.3, 3.4, 3.5, 3.6, 3.7, 3.8, 3.9, 4.0, 4.1, 4.2, 4.3, 4.4, 4.5, 4.6, 4.7, 4.8, 4.9, 5.0, 5.1, 5.2, 5.3, 5.4, 5.5, 5.6, 5.7, 5.8, 5.9, 6.0, 6.1, 6.2, 6.3, 6.4, 6.5, 6.6, 6.7, 6.8, 6.9, 7.0, 7.1, 7.2, 7.3, 7.4, 7.5, 7.6, 7.7, 7.8, 7.9, 8.0, 8.1, 8.2, 8.3, 8.4, 8.5, 8.6, 8.7, 8.8, 8.9, 9.0, 9.1, 9.2, 9.3, 9.4, 9.5, 9.6, 9.7, 9.8, 9.9, 10.0], 'fitness_function': 'sigmoid_rmse', 'minimization': True, 'seed': 15, 'log_path': '../../data/results/final_comparison/credit/log_config_id_49.csv', 'verbose': False, 'log_level': 1, 'test_elite': True, 'p_xo': 0.8, 'max_depth': 17}}","{'train': {'rmse': 0.3898409307003021, 'wrmse': 0.5651965141296387, 'accuracy': 0.804320216178894, 'roc_auc': 0.6470528841018677, 'f1_score': 0.07228916138410568, 'precision': 0.6666666865348816, 'recall': 0.03821656107902527}, 'test': {'rmse': 0.3952319025993347, 'wrmse': 0.5604511499404907, 'accuracy': 0.7958579659461975, 'roc_auc': 0.6757625341415405, 'f1_score': 0.054794520139694214, 'precision': 0.4000000059604645, 'recall': 0.029411764815449715}}",63
49,16,"{'name': 'gp', 'scaling': True, 'oversampling': False, 'config': {'pop_size': 100, 'n_iter': 1000, 'elitism': True, 'n_elites': 1, 'init_depth': 6, 'initializer': 'rhh', 'tournament_size': 2, 'prob_const': 0.2, 'tree_functions': ['add', 'subtract', 'multiply', 'divide'], 'tree_constants': [-10.0, -9.9, -9.8, -9.7, -9.6, -9.5, -9.4, -9.3, -9.2, -9.1, -9.0, -8.9, -8.8, -8.7, -8.6, -8.5, -8.4, -8.3, -8.2, -8.1, -8.0, -7.9, -7.8, -7.7, -7.6, -7.5, -7.4, -7.3, -7.2, -7.1, -7.0, -6.9, -6.8, -6.7, -6.6, -6.5, -6.4, -6.3, -6.2, -6.1, -6.0, -5.9, -5.8, -5.7, -5.6, -5.5, -5.4, -5.3, -5.2, -5.1, -5.0, -4.9, -4.8, -4.7, -4.6, -4.5, -4.4, -4.3, -4.2, -4.1, -4.0, -3.9, -3.8, -3.7, -3.6, -3.5, -3.4, -3.3, -3.2, -3.1, -3.0, -2.9, -2.8, -2.7, -2.6, -2.5, -2.4, -2.3, -2.2, -2.1, -2.0, -1.9, -1.8, -1.7, -1.6, -1.5, -1.4, -1.3, -1.2, -1.1, -1.0, -0.9, -0.8, -0.7, -0.6, -0.5, -0.4, -0.3, -0.2, -0.1, 0.0, 0.1, 0.2, 0.3, 0.4, 0.5, 0.6, 0.7, 0.8, 0.9, 1.0, 1.1, 1.2, 1.3, 1.4, 1.5, 1.6, 1.7, 1.8, 1.9, 2.0, 2.1, 2.2, 2.3, 2.4, 2.5, 2.6, 2.7, 2.8, 2.9, 3.0, 3.1, 3.2, 3.3, 3.4, 3.5, 3.6, 3.7, 3.8, 3.9, 4.0, 4.1, 4.2, 4.3, 4.4, 4.5, 4.6, 4.7, 4.8, 4.9, 5.0, 5.1, 5.2, 5.3, 5.4, 5.5, 5.6, 5.7, 5.8, 5.9, 6.0, 6.1, 6.2, 6.3, 6.4, 6.5, 6.6, 6.7, 6.8, 6.9, 7.0, 7.1, 7.2, 7.3, 7.4, 7.5, 7.6, 7.7, 7.8, 7.9, 8.0, 8.1, 8.2, 8.3, 8.4, 8.5, 8.6, 8.7, 8.8, 8.9, 9.0, 9.1, 9.2, 9.3, 9.4, 9.5, 9.6, 9.7, 9.8, 9.9, 10.0], 'fitness_function': 'sigmoid_rmse', 'minimization': True, 'seed': 16, 'log_path': '../../data/results/final_comparison/credit/log_config_id_49.csv', 'verbose': False, 'log_level': 1, 'test_elite': True, 'p_xo': 0.8, 'max_depth': 17}}","{'train': {'rmse': 0.39215877652168274, 'wrmse': 0.5675431489944458, 'accuracy': 0.8030495643615723, 'roc_auc': 0.6273380517959595, 'f1_score': 0.025157233700156212, 'precision': 1.0, 'recall': 0.012738853693008423}, 'test': {'rmse': 0.40883809328079224, 'wrmse': 0.5807817578315735, 'accuracy': 0.7928994297981262, 'roc_auc': 0.5784313678741455, 'f1_score': 0.0277777761220932, 'precision': 0.25, 'recall': 0.014705882407724857}}",307
49,17,"{'name': 'gp', 'scaling': True, 'oversampling': False, 'config': {'pop_size': 100, 'n_iter': 1000, 'elitism': True, 'n_elites': 1, 'init_depth': 6, 'initializer': 'rhh', 'tournament_size': 2, 'prob_const': 0.2, 'tree_functions': ['add', 'subtract', 'multiply', 'divide'], 'tree_constants': [-10.0, -9.9, -9.8, -9.7, -9.6, -9.5, -9.4, -9.3, -9.2, -9.1, -9.0, -8.9, -8.8, -8.7, -8.6, -8.5, -8.4, -8.3, -8.2, -8.1, -8.0, -7.9, -7.8, -7.7, -7.6, -7.5, -7.4, -7.3, -7.2, -7.1, -7.0, -6.9, -6.8, -6.7, -6.6, -6.5, -6.4, -6.3, -6.2, -6.1, -6.0, -5.9, -5.8, -5.7, -5.6, -5.5, -5.4, -5.3, -5.2, -5.1, -5.0, -4.9, -4.8, -4.7, -4.6, -4.5, -4.4, -4.3, -4.2, -4.1, -4.0, -3.9, -3.8, -3.7, -3.6, -3.5, -3.4, -3.3, -3.2, -3.1, -3.0, -2.9, -2.8, -2.7, -2.6, -2.5, -2.4, -2.3, -2.2, -2.1, -2.0, -1.9, -1.8, -1.7, -1.6, -1.5, -1.4, -1.3, -1.2, -1.1, -1.0, -0.9, -0.8, -0.7, -0.6, -0.5, -0.4, -0.3, -0.2, -0.1, 0.0, 0.1, 0.2, 0.3, 0.4, 0.5, 0.6, 0.7, 0.8, 0.9, 1.0, 1.1, 1.2, 1.3, 1.4, 1.5, 1.6, 1.7, 1.8, 1.9, 2.0, 2.1, 2.2, 2.3, 2.4, 2.5, 2.6, 2.7, 2.8, 2.9, 3.0, 3.1, 3.2, 3.3, 3.4, 3.5, 3.6, 3.7, 3.8, 3.9, 4.0, 4.1, 4.2, 4.3, 4.4, 4.5, 4.6, 4.7, 4.8, 4.9, 5.0, 5.1, 5.2, 5.3, 5.4, 5.5, 5.6, 5.7, 5.8, 5.9, 6.0, 6.1, 6.2, 6.3, 6.4, 6.5, 6.6, 6.7, 6.8, 6.9, 7.0, 7.1, 7.2, 7.3, 7.4, 7.5, 7.6, 7.7, 7.8, 7.9, 8.0, 8.1, 8.2, 8.3, 8.4, 8.5, 8.6, 8.7, 8.8, 8.9, 9.0, 9.1, 9.2, 9.3, 9.4, 9.5, 9.6, 9.7, 9.8, 9.9, 10.0], 'fitness_function': 'sigmoid_rmse', 'minimization': True, 'seed': 17, 'log_path': '../../data/results/final_comparison/credit/log_config_id_49.csv', 'verbose': False, 'log_level': 1, 'test_elite': True, 'p_xo': 0.8, 'max_depth': 17}}","{'train': {'rmse': 0.3840300738811493, 'wrmse': 0.5556756258010864, 'accuracy': 0.8055908679962158, 'roc_auc': 0.665402889251709, 'f1_score': 0.04968944564461708, 'precision': 1.0, 'recall': 0.025477707386016846}, 'test': {'rmse': 0.39845725893974304, 'wrmse': 0.5751526951789856, 'accuracy': 0.7958579659461975, 'roc_auc': 0.6245642304420471, 'f1_score': 0.0, 'precision': 0.0, 'recall': 0.0}}",45
49,18,"{'name': 'gp', 'scaling': True, 'oversampling': False, 'config': {'pop_size': 100, 'n_iter': 1000, 'elitism': True, 'n_elites': 1, 'init_depth': 6, 'initializer': 'rhh', 'tournament_size': 2, 'prob_const': 0.2, 'tree_functions': ['add', 'subtract', 'multiply', 'divide'], 'tree_constants': [-10.0, -9.9, -9.8, -9.7, -9.6, -9.5, -9.4, -9.3, -9.2, -9.1, -9.0, -8.9, -8.8, -8.7, -8.6, -8.5, -8.4, -8.3, -8.2, -8.1, -8.0, -7.9, -7.8, -7.7, -7.6, -7.5, -7.4, -7.3, -7.2, -7.1, -7.0, -6.9, -6.8, -6.7, -6.6, -6.5, -6.4, -6.3, -6.2, -6.1, -6.0, -5.9, -5.8, -5.7, -5.6, -5.5, -5.4, -5.3, -5.2, -5.1, -5.0, -4.9, -4.8, -4.7, -4.6, -4.5, -4.4, -4.3, -4.2, -4.1, -4.0, -3.9, -3.8, -3.7, -3.6, -3.5, -3.4, -3.3, -3.2, -3.1, -3.0, -2.9, -2.8, -2.7, -2.6, -2.5, -2.4, -2.3, -2.2, -2.1, -2.0, -1.9, -1.8, -1.7, -1.6, -1.5, -1.4, -1.3, -1.2, -1.1, -1.0, -0.9, -0.8, -0.7, -0.6, -0.5, -0.4, -0.3, -0.2, -0.1, 0.0, 0.1, 0.2, 0.3, 0.4, 0.5, 0.6, 0.7, 0.8, 0.9, 1.0, 1.1, 1.2, 1.3, 1.4, 1.5, 1.6, 1.7, 1.8, 1.9, 2.0, 2.1, 2.2, 2.3, 2.4, 2.5, 2.6, 2.7, 2.8, 2.9, 3.0, 3.1, 3.2, 3.3, 3.4, 3.5, 3.6, 3.7, 3.8, 3.9, 4.0, 4.1, 4.2, 4.3, 4.4, 4.5, 4.6, 4.7, 4.8, 4.9, 5.0, 5.1, 5.2, 5.3, 5.4, 5.5, 5.6, 5.7, 5.8, 5.9, 6.0, 6.1, 6.2, 6.3, 6.4, 6.5, 6.6, 6.7, 6.8, 6.9, 7.0, 7.1, 7.2, 7.3, 7.4, 7.5, 7.6, 7.7, 7.8, 7.9, 8.0, 8.1, 8.2, 8.3, 8.4, 8.5, 8.6, 8.7, 8.8, 8.9, 9.0, 9.1, 9.2, 9.3, 9.4, 9.5, 9.6, 9.7, 9.8, 9.9, 10.0], 'fitness_function': 'sigmoid_rmse', 'minimization': True, 'seed': 18, 'log_path': '../../data/results/final_comparison/credit/log_config_id_49.csv', 'verbose': False, 'log_level': 1, 'test_elite': True, 'p_xo': 0.8, 'max_depth': 17}}","{'train': {'rmse': 0.3836958110332489, 'wrmse': 0.5477554202079773, 'accuracy': 0.804320216178894, 'roc_auc': 0.6907895803451538, 'f1_score': 0.04938271641731262, 'precision': 0.800000011920929, 'recall': 0.025477707386016846}, 'test': {'rmse': 0.41271138191223145, 'wrmse': 0.5714532732963562, 'accuracy': 0.7751479148864746, 'roc_auc': 0.606427013874054, 'f1_score': 0.025641025975346565, 'precision': 0.10000000149011612, 'recall': 0.014705882407724857}}",167
49,19,"{'name': 'gp', 'scaling': True, 'oversampling': False, 'config': {'pop_size': 100, 'n_iter': 1000, 'elitism': True, 'n_elites': 1, 'init_depth': 6, 'initializer': 'rhh', 'tournament_size': 2, 'prob_const': 0.2, 'tree_functions': ['add', 'subtract', 'multiply', 'divide'], 'tree_constants': [-10.0, -9.9, -9.8, -9.7, -9.6, -9.5, -9.4, -9.3, -9.2, -9.1, -9.0, -8.9, -8.8, -8.7, -8.6, -8.5, -8.4, -8.3, -8.2, -8.1, -8.0, -7.9, -7.8, -7.7, -7.6, -7.5, -7.4, -7.3, -7.2, -7.1, -7.0, -6.9, -6.8, -6.7, -6.6, -6.5, -6.4, -6.3, -6.2, -6.1, -6.0, -5.9, -5.8, -5.7, -5.6, -5.5, -5.4, -5.3, -5.2, -5.1, -5.0, -4.9, -4.8, -4.7, -4.6, -4.5, -4.4, -4.3, -4.2, -4.1, -4.0, -3.9, -3.8, -3.7, -3.6, -3.5, -3.4, -3.3, -3.2, -3.1, -3.0, -2.9, -2.8, -2.7, -2.6, -2.5, -2.4, -2.3, -2.2, -2.1, -2.0, -1.9, -1.8, -1.7, -1.6, -1.5, -1.4, -1.3, -1.2, -1.1, -1.0, -0.9, -0.8, -0.7, -0.6, -0.5, -0.4, -0.3, -0.2, -0.1, 0.0, 0.1, 0.2, 0.3, 0.4, 0.5, 0.6, 0.7, 0.8, 0.9, 1.0, 1.1, 1.2, 1.3, 1.4, 1.5, 1.6, 1.7, 1.8, 1.9, 2.0, 2.1, 2.2, 2.3, 2.4, 2.5, 2.6, 2.7, 2.8, 2.9, 3.0, 3.1, 3.2, 3.3, 3.4, 3.5, 3.6, 3.7, 3.8, 3.9, 4.0, 4.1, 4.2, 4.3, 4.4, 4.5, 4.6, 4.7, 4.8, 4.9, 5.0, 5.1, 5.2, 5.3, 5.4, 5.5, 5.6, 5.7, 5.8, 5.9, 6.0, 6.1, 6.2, 6.3, 6.4, 6.5, 6.6, 6.7, 6.8, 6.9, 7.0, 7.1, 7.2, 7.3, 7.4, 7.5, 7.6, 7.7, 7.8, 7.9, 8.0, 8.1, 8.2, 8.3, 8.4, 8.5, 8.6, 8.7, 8.8, 8.9, 9.0, 9.1, 9.2, 9.3, 9.4, 9.5, 9.6, 9.7, 9.8, 9.9, 10.0], 'fitness_function': 'sigmoid_rmse', 'minimization': True, 'seed': 19, 'log_path': '../../data/results/final_comparison/credit/log_config_id_49.csv', 'verbose': False, 'log_level': 1, 'test_elite': True, 'p_xo': 0.8, 'max_depth': 17}}","{'train': {'rmse': 0.38199713826179504, 'wrmse': 0.5372176170349121, 'accuracy': 0.8119440674781799, 'roc_auc': 0.6648063659667969, 'f1_score': 0.14942529797554016, 'precision': 0.7647058963775635, 'recall': 0.08280254900455475}, 'test': {'rmse': 0.40540391206741333, 'wrmse': 0.5618157386779785, 'accuracy': 0.784023642539978, 'roc_auc': 0.6234204769134521, 'f1_score': 0.051948048174381256, 'precision': 0.2222222238779068, 'recall': 0.029411764815449715}}",85
49,20,"{'name': 'gp', 'scaling': True, 'oversampling': False, 'config': {'pop_size': 100, 'n_iter': 1000, 'elitism': True, 'n_elites': 1, 'init_depth': 6, 'initializer': 'rhh', 'tournament_size': 2, 'prob_const': 0.2, 'tree_functions': ['add', 'subtract', 'multiply', 'divide'], 'tree_constants': [-10.0, -9.9, -9.8, -9.7, -9.6, -9.5, -9.4, -9.3, -9.2, -9.1, -9.0, -8.9, -8.8, -8.7, -8.6, -8.5, -8.4, -8.3, -8.2, -8.1, -8.0, -7.9, -7.8, -7.7, -7.6, -7.5, -7.4, -7.3, -7.2, -7.1, -7.0, -6.9, -6.8, -6.7, -6.6, -6.5, -6.4, -6.3, -6.2, -6.1, -6.0, -5.9, -5.8, -5.7, -5.6, -5.5, -5.4, -5.3, -5.2, -5.1, -5.0, -4.9, -4.8, -4.7, -4.6, -4.5, -4.4, -4.3, -4.2, -4.1, -4.0, -3.9, -3.8, -3.7, -3.6, -3.5, -3.4, -3.3, -3.2, -3.1, -3.0, -2.9, -2.8, -2.7, -2.6, -2.5, -2.4, -2.3, -2.2, -2.1, -2.0, -1.9, -1.8, -1.7, -1.6, -1.5, -1.4, -1.3, -1.2, -1.1, -1.0, -0.9, -0.8, -0.7, -0.6, -0.5, -0.4, -0.3, -0.2, -0.1, 0.0, 0.1, 0.2, 0.3, 0.4, 0.5, 0.6, 0.7, 0.8, 0.9, 1.0, 1.1, 1.2, 1.3, 1.4, 1.5, 1.6, 1.7, 1.8, 1.9, 2.0, 2.1, 2.2, 2.3, 2.4, 2.5, 2.6, 2.7, 2.8, 2.9, 3.0, 3.1, 3.2, 3.3, 3.4, 3.5, 3.6, 3.7, 3.8, 3.9, 4.0, 4.1, 4.2, 4.3, 4.4, 4.5, 4.6, 4.7, 4.8, 4.9, 5.0, 5.1, 5.2, 5.3, 5.4, 5.5, 5.6, 5.7, 5.8, 5.9, 6.0, 6.1, 6.2, 6.3, 6.4, 6.5, 6.6, 6.7, 6.8, 6.9, 7.0, 7.1, 7.2, 7.3, 7.4, 7.5, 7.6, 7.7, 7.8, 7.9, 8.0, 8.1, 8.2, 8.3, 8.4, 8.5, 8.6, 8.7, 8.8, 8.9, 9.0, 9.1, 9.2, 9.3, 9.4, 9.5, 9.6, 9.7, 9.8, 9.9, 10.0], 'fitness_function': 'sigmoid_rmse', 'minimization': True, 'seed': 20, 'log_path': '../../data/results/final_comparison/credit/log_config_id_49.csv', 'verbose': False, 'log_level': 1, 'test_elite': True, 'p_xo': 0.8, 'max_depth': 17}}","{'train': {'rmse': 0.3898434340953827, 'wrmse': 0.5490952134132385, 'accuracy': 0.8055908679962158, 'roc_auc': 0.6491557359695435, 'f1_score': 0.061349693685770035, 'precision': 0.8333333134651184, 'recall': 0.03184713423252106}, 'test': {'rmse': 0.39424970746040344, 'wrmse': 0.5531976819038391, 'accuracy': 0.8017751574516296, 'roc_auc': 0.6389977931976318, 'f1_score': 0.08219178766012192, 'precision': 0.6000000238418579, 'recall': 0.04411764815449715}}",83
49,21,"{'name': 'gp', 'scaling': True, 'oversampling': False, 'config': {'pop_size': 100, 'n_iter': 1000, 'elitism': True, 'n_elites': 1, 'init_depth': 6, 'initializer': 'rhh', 'tournament_size': 2, 'prob_const': 0.2, 'tree_functions': ['add', 'subtract', 'multiply', 'divide'], 'tree_constants': [-10.0, -9.9, -9.8, -9.7, -9.6, -9.5, -9.4, -9.3, -9.2, -9.1, -9.0, -8.9, -8.8, -8.7, -8.6, -8.5, -8.4, -8.3, -8.2, -8.1, -8.0, -7.9, -7.8, -7.7, -7.6, -7.5, -7.4, -7.3, -7.2, -7.1, -7.0, -6.9, -6.8, -6.7, -6.6, -6.5, -6.4, -6.3, -6.2, -6.1, -6.0, -5.9, -5.8, -5.7, -5.6, -5.5, -5.4, -5.3, -5.2, -5.1, -5.0, -4.9, -4.8, -4.7, -4.6, -4.5, -4.4, -4.3, -4.2, -4.1, -4.0, -3.9, -3.8, -3.7, -3.6, -3.5, -3.4, -3.3, -3.2, -3.1, -3.0, -2.9, -2.8, -2.7, -2.6, -2.5, -2.4, -2.3, -2.2, -2.1, -2.0, -1.9, -1.8, -1.7, -1.6, -1.5, -1.4, -1.3, -1.2, -1.1, -1.0, -0.9, -0.8, -0.7, -0.6, -0.5, -0.4, -0.3, -0.2, -0.1, 0.0, 0.1, 0.2, 0.3, 0.4, 0.5, 0.6, 0.7, 0.8, 0.9, 1.0, 1.1, 1.2, 1.3, 1.4, 1.5, 1.6, 1.7, 1.8, 1.9, 2.0, 2.1, 2.2, 2.3, 2.4, 2.5, 2.6, 2.7, 2.8, 2.9, 3.0, 3.1, 3.2, 3.3, 3.4, 3.5, 3.6, 3.7, 3.8, 3.9, 4.0, 4.1, 4.2, 4.3, 4.4, 4.5, 4.6, 4.7, 4.8, 4.9, 5.0, 5.1, 5.2, 5.3, 5.4, 5.5, 5.6, 5.7, 5.8, 5.9, 6.0, 6.1, 6.2, 6.3, 6.4, 6.5, 6.6, 6.7, 6.8, 6.9, 7.0, 7.1, 7.2, 7.3, 7.4, 7.5, 7.6, 7.7, 7.8, 7.9, 8.0, 8.1, 8.2, 8.3, 8.4, 8.5, 8.6, 8.7, 8.8, 8.9, 9.0, 9.1, 9.2, 9.3, 9.4, 9.5, 9.6, 9.7, 9.8, 9.9, 10.0], 'fitness_function': 'sigmoid_rmse', 'minimization': True, 'seed': 21, 'log_path': '../../data/results/final_comparison/credit/log_config_id_49.csv', 'verbose': False, 'log_level': 1, 'test_elite': True, 'p_xo': 0.8, 'max_depth': 17}}","{'train': {'rmse': 0.38490718603134155, 'wrmse': 0.5491283535957336, 'accuracy': 0.8005082607269287, 'roc_auc': 0.6820544004440308, 'f1_score': 0.03680981695652008, 'precision': 0.5, 'recall': 0.019108280539512634}, 'test': {'rmse': 0.4066791534423828, 'wrmse': 0.5771005749702454, 'accuracy': 0.7899408340454102, 'roc_auc': 0.5919389724731445, 'f1_score': 0.0, 'precision': 0.0, 'recall': 0.0}}",33
49,22,"{'name': 'gp', 'scaling': True, 'oversampling': False, 'config': {'pop_size': 100, 'n_iter': 1000, 'elitism': True, 'n_elites': 1, 'init_depth': 6, 'initializer': 'rhh', 'tournament_size': 2, 'prob_const': 0.2, 'tree_functions': ['add', 'subtract', 'multiply', 'divide'], 'tree_constants': [-10.0, -9.9, -9.8, -9.7, -9.6, -9.5, -9.4, -9.3, -9.2, -9.1, -9.0, -8.9, -8.8, -8.7, -8.6, -8.5, -8.4, -8.3, -8.2, -8.1, -8.0, -7.9, -7.8, -7.7, -7.6, -7.5, -7.4, -7.3, -7.2, -7.1, -7.0, -6.9, -6.8, -6.7, -6.6, -6.5, -6.4, -6.3, -6.2, -6.1, -6.0, -5.9, -5.8, -5.7, -5.6, -5.5, -5.4, -5.3, -5.2, -5.1, -5.0, -4.9, -4.8, -4.7, -4.6, -4.5, -4.4, -4.3, -4.2, -4.1, -4.0, -3.9, -3.8, -3.7, -3.6, -3.5, -3.4, -3.3, -3.2, -3.1, -3.0, -2.9, -2.8, -2.7, -2.6, -2.5, -2.4, -2.3, -2.2, -2.1, -2.0, -1.9, -1.8, -1.7, -1.6, -1.5, -1.4, -1.3, -1.2, -1.1, -1.0, -0.9, -0.8, -0.7, -0.6, -0.5, -0.4, -0.3, -0.2, -0.1, 0.0, 0.1, 0.2, 0.3, 0.4, 0.5, 0.6, 0.7, 0.8, 0.9, 1.0, 1.1, 1.2, 1.3, 1.4, 1.5, 1.6, 1.7, 1.8, 1.9, 2.0, 2.1, 2.2, 2.3, 2.4, 2.5, 2.6, 2.7, 2.8, 2.9, 3.0, 3.1, 3.2, 3.3, 3.4, 3.5, 3.6, 3.7, 3.8, 3.9, 4.0, 4.1, 4.2, 4.3, 4.4, 4.5, 4.6, 4.7, 4.8, 4.9, 5.0, 5.1, 5.2, 5.3, 5.4, 5.5, 5.6, 5.7, 5.8, 5.9, 6.0, 6.1, 6.2, 6.3, 6.4, 6.5, 6.6, 6.7, 6.8, 6.9, 7.0, 7.1, 7.2, 7.3, 7.4, 7.5, 7.6, 7.7, 7.8, 7.9, 8.0, 8.1, 8.2, 8.3, 8.4, 8.5, 8.6, 8.7, 8.8, 8.9, 9.0, 9.1, 9.2, 9.3, 9.4, 9.5, 9.6, 9.7, 9.8, 9.9, 10.0], 'fitness_function': 'sigmoid_rmse', 'minimization': True, 'seed': 22, 'log_path': '../../data/results/final_comparison/credit/log_config_id_49.csv', 'verbose': False, 'log_level': 1, 'test_elite': True, 'p_xo': 0.8, 'max_depth': 17}}","{'train': {'rmse': 0.3838661313056946, 'wrmse': 0.5478269457817078, 'accuracy': 0.8081321716308594, 'roc_auc': 0.6631584167480469, 'f1_score': 0.14689265191555023, 'precision': 0.6499999761581421, 'recall': 0.08280254900455475}, 'test': {'rmse': 0.4019370973110199, 'wrmse': 0.5660103559494019, 'accuracy': 0.7869822382926941, 'roc_auc': 0.6037581562995911, 'f1_score': 0.12195122241973877, 'precision': 0.3571428656578064, 'recall': 0.07352941483259201}}",301
49,23,"{'name': 'gp', 'scaling': True, 'oversampling': False, 'config': {'pop_size': 100, 'n_iter': 1000, 'elitism': True, 'n_elites': 1, 'init_depth': 6, 'initializer': 'rhh', 'tournament_size': 2, 'prob_const': 0.2, 'tree_functions': ['add', 'subtract', 'multiply', 'divide'], 'tree_constants': [-10.0, -9.9, -9.8, -9.7, -9.6, -9.5, -9.4, -9.3, -9.2, -9.1, -9.0, -8.9, -8.8, -8.7, -8.6, -8.5, -8.4, -8.3, -8.2, -8.1, -8.0, -7.9, -7.8, -7.7, -7.6, -7.5, -7.4, -7.3, -7.2, -7.1, -7.0, -6.9, -6.8, -6.7, -6.6, -6.5, -6.4, -6.3, -6.2, -6.1, -6.0, -5.9, -5.8, -5.7, -5.6, -5.5, -5.4, -5.3, -5.2, -5.1, -5.0, -4.9, -4.8, -4.7, -4.6, -4.5, -4.4, -4.3, -4.2, -4.1, -4.0, -3.9, -3.8, -3.7, -3.6, -3.5, -3.4, -3.3, -3.2, -3.1, -3.0, -2.9, -2.8, -2.7, -2.6, -2.5, -2.4, -2.3, -2.2, -2.1, -2.0, -1.9, -1.8, -1.7, -1.6, -1.5, -1.4, -1.3, -1.2, -1.1, -1.0, -0.9, -0.8, -0.7, -0.6, -0.5, -0.4, -0.3, -0.2, -0.1, 0.0, 0.1, 0.2, 0.3, 0.4, 0.5, 0.6, 0.7, 0.8, 0.9, 1.0, 1.1, 1.2, 1.3, 1.4, 1.5, 1.6, 1.7, 1.8, 1.9, 2.0, 2.1, 2.2, 2.3, 2.4, 2.5, 2.6, 2.7, 2.8, 2.9, 3.0, 3.1, 3.2, 3.3, 3.4, 3.5, 3.6, 3.7, 3.8, 3.9, 4.0, 4.1, 4.2, 4.3, 4.4, 4.5, 4.6, 4.7, 4.8, 4.9, 5.0, 5.1, 5.2, 5.3, 5.4, 5.5, 5.6, 5.7, 5.8, 5.9, 6.0, 6.1, 6.2, 6.3, 6.4, 6.5, 6.6, 6.7, 6.8, 6.9, 7.0, 7.1, 7.2, 7.3, 7.4, 7.5, 7.6, 7.7, 7.8, 7.9, 8.0, 8.1, 8.2, 8.3, 8.4, 8.5, 8.6, 8.7, 8.8, 8.9, 9.0, 9.1, 9.2, 9.3, 9.4, 9.5, 9.6, 9.7, 9.8, 9.9, 10.0], 'fitness_function': 'sigmoid_rmse', 'minimization': True, 'seed': 23, 'log_path': '../../data/results/final_comparison/credit/log_config_id_49.csv', 'verbose': False, 'log_level': 1, 'test_elite': True, 'p_xo': 0.8, 'max_depth': 17}}","{'train': {'rmse': 0.38021376729011536, 'wrmse': 0.543793261051178, 'accuracy': 0.8208386301994324, 'roc_auc': 0.6655242443084717, 'f1_score': 0.2295081913471222, 'precision': 0.807692289352417, 'recall': 0.13375796377658844}, 'test': {'rmse': 0.408384770154953, 'wrmse': 0.5787491202354431, 'accuracy': 0.784023642539978, 'roc_auc': 0.584967315196991, 'f1_score': 0.07594936341047287, 'precision': 0.27272728085517883, 'recall': 0.04411764815449715}}",125
49,24,"{'name': 'gp', 'scaling': True, 'oversampling': False, 'config': {'pop_size': 100, 'n_iter': 1000, 'elitism': True, 'n_elites': 1, 'init_depth': 6, 'initializer': 'rhh', 'tournament_size': 2, 'prob_const': 0.2, 'tree_functions': ['add', 'subtract', 'multiply', 'divide'], 'tree_constants': [-10.0, -9.9, -9.8, -9.7, -9.6, -9.5, -9.4, -9.3, -9.2, -9.1, -9.0, -8.9, -8.8, -8.7, -8.6, -8.5, -8.4, -8.3, -8.2, -8.1, -8.0, -7.9, -7.8, -7.7, -7.6, -7.5, -7.4, -7.3, -7.2, -7.1, -7.0, -6.9, -6.8, -6.7, -6.6, -6.5, -6.4, -6.3, -6.2, -6.1, -6.0, -5.9, -5.8, -5.7, -5.6, -5.5, -5.4, -5.3, -5.2, -5.1, -5.0, -4.9, -4.8, -4.7, -4.6, -4.5, -4.4, -4.3, -4.2, -4.1, -4.0, -3.9, -3.8, -3.7, -3.6, -3.5, -3.4, -3.3, -3.2, -3.1, -3.0, -2.9, -2.8, -2.7, -2.6, -2.5, -2.4, -2.3, -2.2, -2.1, -2.0, -1.9, -1.8, -1.7, -1.6, -1.5, -1.4, -1.3, -1.2, -1.1, -1.0, -0.9, -0.8, -0.7, -0.6, -0.5, -0.4, -0.3, -0.2, -0.1, 0.0, 0.1, 0.2, 0.3, 0.4, 0.5, 0.6, 0.7, 0.8, 0.9, 1.0, 1.1, 1.2, 1.3, 1.4, 1.5, 1.6, 1.7, 1.8, 1.9, 2.0, 2.1, 2.2, 2.3, 2.4, 2.5, 2.6, 2.7, 2.8, 2.9, 3.0, 3.1, 3.2, 3.3, 3.4, 3.5, 3.6, 3.7, 3.8, 3.9, 4.0, 4.1, 4.2, 4.3, 4.4, 4.5, 4.6, 4.7, 4.8, 4.9, 5.0, 5.1, 5.2, 5.3, 5.4, 5.5, 5.6, 5.7, 5.8, 5.9, 6.0, 6.1, 6.2, 6.3, 6.4, 6.5, 6.6, 6.7, 6.8, 6.9, 7.0, 7.1, 7.2, 7.3, 7.4, 7.5, 7.6, 7.7, 7.8, 7.9, 8.0, 8.1, 8.2, 8.3, 8.4, 8.5, 8.6, 8.7, 8.8, 8.9, 9.0, 9.1, 9.2, 9.3, 9.4, 9.5, 9.6, 9.7, 9.8, 9.9, 10.0], 'fitness_function': 'sigmoid_rmse', 'minimization': True, 'seed': 24, 'log_path': '../../data/results/final_comparison/credit/log_config_id_49.csv', 'verbose': False, 'log_level': 1, 'test_elite': True, 'p_xo': 0.8, 'max_depth': 17}}","{'train': {'rmse': 0.3817765414714813, 'wrmse': 0.5430392622947693, 'accuracy': 0.8055908679962158, 'roc_auc': 0.7072995901107788, 'f1_score': 0.061349693685770035, 'precision': 0.8333333134651184, 'recall': 0.03184713423252106}, 'test': {'rmse': 0.39653316140174866, 'wrmse': 0.558026909828186, 'accuracy': 0.7928994297981262, 'roc_auc': 0.6276688575744629, 'f1_score': 0.0, 'precision': 0.0, 'recall': 0.0}}",153
49,25,"{'name': 'gp', 'scaling': True, 'oversampling': False, 'config': {'pop_size': 100, 'n_iter': 1000, 'elitism': True, 'n_elites': 1, 'init_depth': 6, 'initializer': 'rhh', 'tournament_size': 2, 'prob_const': 0.2, 'tree_functions': ['add', 'subtract', 'multiply', 'divide'], 'tree_constants': [-10.0, -9.9, -9.8, -9.7, -9.6, -9.5, -9.4, -9.3, -9.2, -9.1, -9.0, -8.9, -8.8, -8.7, -8.6, -8.5, -8.4, -8.3, -8.2, -8.1, -8.0, -7.9, -7.8, -7.7, -7.6, -7.5, -7.4, -7.3, -7.2, -7.1, -7.0, -6.9, -6.8, -6.7, -6.6, -6.5, -6.4, -6.3, -6.2, -6.1, -6.0, -5.9, -5.8, -5.7, -5.6, -5.5, -5.4, -5.3, -5.2, -5.1, -5.0, -4.9, -4.8, -4.7, -4.6, -4.5, -4.4, -4.3, -4.2, -4.1, -4.0, -3.9, -3.8, -3.7, -3.6, -3.5, -3.4, -3.3, -3.2, -3.1, -3.0, -2.9, -2.8, -2.7, -2.6, -2.5, -2.4, -2.3, -2.2, -2.1, -2.0, -1.9, -1.8, -1.7, -1.6, -1.5, -1.4, -1.3, -1.2, -1.1, -1.0, -0.9, -0.8, -0.7, -0.6, -0.5, -0.4, -0.3, -0.2, -0.1, 0.0, 0.1, 0.2, 0.3, 0.4, 0.5, 0.6, 0.7, 0.8, 0.9, 1.0, 1.1, 1.2, 1.3, 1.4, 1.5, 1.6, 1.7, 1.8, 1.9, 2.0, 2.1, 2.2, 2.3, 2.4, 2.5, 2.6, 2.7, 2.8, 2.9, 3.0, 3.1, 3.2, 3.3, 3.4, 3.5, 3.6, 3.7, 3.8, 3.9, 4.0, 4.1, 4.2, 4.3, 4.4, 4.5, 4.6, 4.7, 4.8, 4.9, 5.0, 5.1, 5.2, 5.3, 5.4, 5.5, 5.6, 5.7, 5.8, 5.9, 6.0, 6.1, 6.2, 6.3, 6.4, 6.5, 6.6, 6.7, 6.8, 6.9, 7.0, 7.1, 7.2, 7.3, 7.4, 7.5, 7.6, 7.7, 7.8, 7.9, 8.0, 8.1, 8.2, 8.3, 8.4, 8.5, 8.6, 8.7, 8.8, 8.9, 9.0, 9.1, 9.2, 9.3, 9.4, 9.5, 9.6, 9.7, 9.8, 9.9, 10.0], 'fitness_function': 'sigmoid_rmse', 'minimization': True, 'seed': 25, 'log_path': '../../data/results/final_comparison/credit/log_config_id_49.csv', 'verbose': False, 'log_level': 1, 'test_elite': True, 'p_xo': 0.8, 'max_depth': 17}}","{'train': {'rmse': 0.387577086687088, 'wrmse': 0.560613751411438, 'accuracy': 0.7979669570922852, 'roc_auc': 0.6624810099601746, 'f1_score': 0.036363635212183, 'precision': 0.375, 'recall': 0.019108280539512634}, 'test': {'rmse': 0.38988322019577026, 'wrmse': 0.5694027543067932, 'accuracy': 0.7988165616989136, 'roc_auc': 0.6598039865493774, 'f1_score': 0.02857142873108387, 'precision': 0.5, 'recall': 0.014705882407724857}}",91
49,26,"{'name': 'gp', 'scaling': True, 'oversampling': False, 'config': {'pop_size': 100, 'n_iter': 1000, 'elitism': True, 'n_elites': 1, 'init_depth': 6, 'initializer': 'rhh', 'tournament_size': 2, 'prob_const': 0.2, 'tree_functions': ['add', 'subtract', 'multiply', 'divide'], 'tree_constants': [-10.0, -9.9, -9.8, -9.7, -9.6, -9.5, -9.4, -9.3, -9.2, -9.1, -9.0, -8.9, -8.8, -8.7, -8.6, -8.5, -8.4, -8.3, -8.2, -8.1, -8.0, -7.9, -7.8, -7.7, -7.6, -7.5, -7.4, -7.3, -7.2, -7.1, -7.0, -6.9, -6.8, -6.7, -6.6, -6.5, -6.4, -6.3, -6.2, -6.1, -6.0, -5.9, -5.8, -5.7, -5.6, -5.5, -5.4, -5.3, -5.2, -5.1, -5.0, -4.9, -4.8, -4.7, -4.6, -4.5, -4.4, -4.3, -4.2, -4.1, -4.0, -3.9, -3.8, -3.7, -3.6, -3.5, -3.4, -3.3, -3.2, -3.1, -3.0, -2.9, -2.8, -2.7, -2.6, -2.5, -2.4, -2.3, -2.2, -2.1, -2.0, -1.9, -1.8, -1.7, -1.6, -1.5, -1.4, -1.3, -1.2, -1.1, -1.0, -0.9, -0.8, -0.7, -0.6, -0.5, -0.4, -0.3, -0.2, -0.1, 0.0, 0.1, 0.2, 0.3, 0.4, 0.5, 0.6, 0.7, 0.8, 0.9, 1.0, 1.1, 1.2, 1.3, 1.4, 1.5, 1.6, 1.7, 1.8, 1.9, 2.0, 2.1, 2.2, 2.3, 2.4, 2.5, 2.6, 2.7, 2.8, 2.9, 3.0, 3.1, 3.2, 3.3, 3.4, 3.5, 3.6, 3.7, 3.8, 3.9, 4.0, 4.1, 4.2, 4.3, 4.4, 4.5, 4.6, 4.7, 4.8, 4.9, 5.0, 5.1, 5.2, 5.3, 5.4, 5.5, 5.6, 5.7, 5.8, 5.9, 6.0, 6.1, 6.2, 6.3, 6.4, 6.5, 6.6, 6.7, 6.8, 6.9, 7.0, 7.1, 7.2, 7.3, 7.4, 7.5, 7.6, 7.7, 7.8, 7.9, 8.0, 8.1, 8.2, 8.3, 8.4, 8.5, 8.6, 8.7, 8.8, 8.9, 9.0, 9.1, 9.2, 9.3, 9.4, 9.5, 9.6, 9.7, 9.8, 9.9, 10.0], 'fitness_function': 'sigmoid_rmse', 'minimization': True, 'seed': 26, 'log_path': '../../data/results/final_comparison/credit/log_config_id_49.csv', 'verbose': False, 'log_level': 1, 'test_elite': True, 'p_xo': 0.8, 'max_depth': 17}}","{'train': {'rmse': 0.38958773016929626, 'wrmse': 0.563022792339325, 'accuracy': 0.8017789125442505, 'roc_auc': 0.6561014652252197, 'f1_score': 0.012658227235078812, 'precision': 1.0, 'recall': 0.006369426846504211}, 'test': {'rmse': 0.39219433069229126, 'wrmse': 0.5596291422843933, 'accuracy': 0.7958579659461975, 'roc_auc': 0.6667755842208862, 'f1_score': 0.0, 'precision': 0.0, 'recall': 0.0}}",59
49,27,"{'name': 'gp', 'scaling': True, 'oversampling': False, 'config': {'pop_size': 100, 'n_iter': 1000, 'elitism': True, 'n_elites': 1, 'init_depth': 6, 'initializer': 'rhh', 'tournament_size': 2, 'prob_const': 0.2, 'tree_functions': ['add', 'subtract', 'multiply', 'divide'], 'tree_constants': [-10.0, -9.9, -9.8, -9.7, -9.6, -9.5, -9.4, -9.3, -9.2, -9.1, -9.0, -8.9, -8.8, -8.7, -8.6, -8.5, -8.4, -8.3, -8.2, -8.1, -8.0, -7.9, -7.8, -7.7, -7.6, -7.5, -7.4, -7.3, -7.2, -7.1, -7.0, -6.9, -6.8, -6.7, -6.6, -6.5, -6.4, -6.3, -6.2, -6.1, -6.0, -5.9, -5.8, -5.7, -5.6, -5.5, -5.4, -5.3, -5.2, -5.1, -5.0, -4.9, -4.8, -4.7, -4.6, -4.5, -4.4, -4.3, -4.2, -4.1, -4.0, -3.9, -3.8, -3.7, -3.6, -3.5, -3.4, -3.3, -3.2, -3.1, -3.0, -2.9, -2.8, -2.7, -2.6, -2.5, -2.4, -2.3, -2.2, -2.1, -2.0, -1.9, -1.8, -1.7, -1.6, -1.5, -1.4, -1.3, -1.2, -1.1, -1.0, -0.9, -0.8, -0.7, -0.6, -0.5, -0.4, -0.3, -0.2, -0.1, 0.0, 0.1, 0.2, 0.3, 0.4, 0.5, 0.6, 0.7, 0.8, 0.9, 1.0, 1.1, 1.2, 1.3, 1.4, 1.5, 1.6, 1.7, 1.8, 1.9, 2.0, 2.1, 2.2, 2.3, 2.4, 2.5, 2.6, 2.7, 2.8, 2.9, 3.0, 3.1, 3.2, 3.3, 3.4, 3.5, 3.6, 3.7, 3.8, 3.9, 4.0, 4.1, 4.2, 4.3, 4.4, 4.5, 4.6, 4.7, 4.8, 4.9, 5.0, 5.1, 5.2, 5.3, 5.4, 5.5, 5.6, 5.7, 5.8, 5.9, 6.0, 6.1, 6.2, 6.3, 6.4, 6.5, 6.6, 6.7, 6.8, 6.9, 7.0, 7.1, 7.2, 7.3, 7.4, 7.5, 7.6, 7.7, 7.8, 7.9, 8.0, 8.1, 8.2, 8.3, 8.4, 8.5, 8.6, 8.7, 8.8, 8.9, 9.0, 9.1, 9.2, 9.3, 9.4, 9.5, 9.6, 9.7, 9.8, 9.9, 10.0], 'fitness_function': 'sigmoid_rmse', 'minimization': True, 'seed': 27, 'log_path': '../../data/results/final_comparison/credit/log_config_id_49.csv', 'verbose': False, 'log_level': 1, 'test_elite': True, 'p_xo': 0.8, 'max_depth': 17}}","{'train': {'rmse': 0.38684573769569397, 'wrmse': 0.5592806935310364, 'accuracy': 0.804320216178894, 'roc_auc': 0.6682640314102173, 'f1_score': 0.03750000149011612, 'precision': 1.0, 'recall': 0.019108280539512634}, 'test': {'rmse': 0.39541035890579224, 'wrmse': 0.5662363171577454, 'accuracy': 0.7988165616989136, 'roc_auc': 0.6379084587097168, 'f1_score': 0.02857142873108387, 'precision': 0.5, 'recall': 0.014705882407724857}}",159
49,28,"{'name': 'gp', 'scaling': True, 'oversampling': False, 'config': {'pop_size': 100, 'n_iter': 1000, 'elitism': True, 'n_elites': 1, 'init_depth': 6, 'initializer': 'rhh', 'tournament_size': 2, 'prob_const': 0.2, 'tree_functions': ['add', 'subtract', 'multiply', 'divide'], 'tree_constants': [-10.0, -9.9, -9.8, -9.7, -9.6, -9.5, -9.4, -9.3, -9.2, -9.1, -9.0, -8.9, -8.8, -8.7, -8.6, -8.5, -8.4, -8.3, -8.2, -8.1, -8.0, -7.9, -7.8, -7.7, -7.6, -7.5, -7.4, -7.3, -7.2, -7.1, -7.0, -6.9, -6.8, -6.7, -6.6, -6.5, -6.4, -6.3, -6.2, -6.1, -6.0, -5.9, -5.8, -5.7, -5.6, -5.5, -5.4, -5.3, -5.2, -5.1, -5.0, -4.9, -4.8, -4.7, -4.6, -4.5, -4.4, -4.3, -4.2, -4.1, -4.0, -3.9, -3.8, -3.7, -3.6, -3.5, -3.4, -3.3, -3.2, -3.1, -3.0, -2.9, -2.8, -2.7, -2.6, -2.5, -2.4, -2.3, -2.2, -2.1, -2.0, -1.9, -1.8, -1.7, -1.6, -1.5, -1.4, -1.3, -1.2, -1.1, -1.0, -0.9, -0.8, -0.7, -0.6, -0.5, -0.4, -0.3, -0.2, -0.1, 0.0, 0.1, 0.2, 0.3, 0.4, 0.5, 0.6, 0.7, 0.8, 0.9, 1.0, 1.1, 1.2, 1.3, 1.4, 1.5, 1.6, 1.7, 1.8, 1.9, 2.0, 2.1, 2.2, 2.3, 2.4, 2.5, 2.6, 2.7, 2.8, 2.9, 3.0, 3.1, 3.2, 3.3, 3.4, 3.5, 3.6, 3.7, 3.8, 3.9, 4.0, 4.1, 4.2, 4.3, 4.4, 4.5, 4.6, 4.7, 4.8, 4.9, 5.0, 5.1, 5.2, 5.3, 5.4, 5.5, 5.6, 5.7, 5.8, 5.9, 6.0, 6.1, 6.2, 6.3, 6.4, 6.5, 6.6, 6.7, 6.8, 6.9, 7.0, 7.1, 7.2, 7.3, 7.4, 7.5, 7.6, 7.7, 7.8, 7.9, 8.0, 8.1, 8.2, 8.3, 8.4, 8.5, 8.6, 8.7, 8.8, 8.9, 9.0, 9.1, 9.2, 9.3, 9.4, 9.5, 9.6, 9.7, 9.8, 9.9, 10.0], 'fitness_function': 'sigmoid_rmse', 'minimization': True, 'seed': 28, 'log_path': '../../data/results/final_comparison/credit/log_config_id_49.csv', 'verbose': False, 'log_level': 1, 'test_elite': True, 'p_xo': 0.8, 'max_depth': 17}}","{'train': {'rmse': 0.3833704888820648, 'wrmse': 0.5506922006607056, 'accuracy': 0.8081321716308594, 'roc_auc': 0.6801132559776306, 'f1_score': 0.07361963391304016, 'precision': 1.0, 'recall': 0.03821656107902527}, 'test': {'rmse': 0.39800968766212463, 'wrmse': 0.5698116421699524, 'accuracy': 0.7928994297981262, 'roc_auc': 0.6680283546447754, 'f1_score': 0.0, 'precision': 0.0, 'recall': 0.0}}",139
49,29,"{'name': 'gp', 'scaling': True, 'oversampling': False, 'config': {'pop_size': 100, 'n_iter': 1000, 'elitism': True, 'n_elites': 1, 'init_depth': 6, 'initializer': 'rhh', 'tournament_size': 2, 'prob_const': 0.2, 'tree_functions': ['add', 'subtract', 'multiply', 'divide'], 'tree_constants': [-10.0, -9.9, -9.8, -9.7, -9.6, -9.5, -9.4, -9.3, -9.2, -9.1, -9.0, -8.9, -8.8, -8.7, -8.6, -8.5, -8.4, -8.3, -8.2, -8.1, -8.0, -7.9, -7.8, -7.7, -7.6, -7.5, -7.4, -7.3, -7.2, -7.1, -7.0, -6.9, -6.8, -6.7, -6.6, -6.5, -6.4, -6.3, -6.2, -6.1, -6.0, -5.9, -5.8, -5.7, -5.6, -5.5, -5.4, -5.3, -5.2, -5.1, -5.0, -4.9, -4.8, -4.7, -4.6, -4.5, -4.4, -4.3, -4.2, -4.1, -4.0, -3.9, -3.8, -3.7, -3.6, -3.5, -3.4, -3.3, -3.2, -3.1, -3.0, -2.9, -2.8, -2.7, -2.6, -2.5, -2.4, -2.3, -2.2, -2.1, -2.0, -1.9, -1.8, -1.7, -1.6, -1.5, -1.4, -1.3, -1.2, -1.1, -1.0, -0.9, -0.8, -0.7, -0.6, -0.5, -0.4, -0.3, -0.2, -0.1, 0.0, 0.1, 0.2, 0.3, 0.4, 0.5, 0.6, 0.7, 0.8, 0.9, 1.0, 1.1, 1.2, 1.3, 1.4, 1.5, 1.6, 1.7, 1.8, 1.9, 2.0, 2.1, 2.2, 2.3, 2.4, 2.5, 2.6, 2.7, 2.8, 2.9, 3.0, 3.1, 3.2, 3.3, 3.4, 3.5, 3.6, 3.7, 3.8, 3.9, 4.0, 4.1, 4.2, 4.3, 4.4, 4.5, 4.6, 4.7, 4.8, 4.9, 5.0, 5.1, 5.2, 5.3, 5.4, 5.5, 5.6, 5.7, 5.8, 5.9, 6.0, 6.1, 6.2, 6.3, 6.4, 6.5, 6.6, 6.7, 6.8, 6.9, 7.0, 7.1, 7.2, 7.3, 7.4, 7.5, 7.6, 7.7, 7.8, 7.9, 8.0, 8.1, 8.2, 8.3, 8.4, 8.5, 8.6, 8.7, 8.8, 8.9, 9.0, 9.1, 9.2, 9.3, 9.4, 9.5, 9.6, 9.7, 9.8, 9.9, 10.0], 'fitness_function': 'sigmoid_rmse', 'minimization': True, 'seed': 29, 'log_path': '../../data/results/final_comparison/credit/log_config_id_49.csv', 'verbose': False, 'log_level': 1, 'test_elite': True, 'p_xo': 0.8, 'max_depth': 17}}","{'train': {'rmse': 0.37977758049964905, 'wrmse': 0.549519419670105, 'accuracy': 0.8081321716308594, 'roc_auc': 0.6934991478919983, 'f1_score': 0.11695907264947891, 'precision': 0.7142857313156128, 'recall': 0.06369426846504211}, 'test': {'rmse': 0.3987029194831848, 'wrmse': 0.5772612690925598, 'accuracy': 0.7958579659461975, 'roc_auc': 0.614542543888092, 'f1_score': 0.07999999821186066, 'precision': 0.4285714328289032, 'recall': 0.04411764815449715}}",83
49,30,"{'name': 'gp', 'scaling': True, 'oversampling': False, 'config': {'pop_size': 100, 'n_iter': 1000, 'elitism': True, 'n_elites': 1, 'init_depth': 6, 'initializer': 'rhh', 'tournament_size': 2, 'prob_const': 0.2, 'tree_functions': ['add', 'subtract', 'multiply', 'divide'], 'tree_constants': [-10.0, -9.9, -9.8, -9.7, -9.6, -9.5, -9.4, -9.3, -9.2, -9.1, -9.0, -8.9, -8.8, -8.7, -8.6, -8.5, -8.4, -8.3, -8.2, -8.1, -8.0, -7.9, -7.8, -7.7, -7.6, -7.5, -7.4, -7.3, -7.2, -7.1, -7.0, -6.9, -6.8, -6.7, -6.6, -6.5, -6.4, -6.3, -6.2, -6.1, -6.0, -5.9, -5.8, -5.7, -5.6, -5.5, -5.4, -5.3, -5.2, -5.1, -5.0, -4.9, -4.8, -4.7, -4.6, -4.5, -4.4, -4.3, -4.2, -4.1, -4.0, -3.9, -3.8, -3.7, -3.6, -3.5, -3.4, -3.3, -3.2, -3.1, -3.0, -2.9, -2.8, -2.7, -2.6, -2.5, -2.4, -2.3, -2.2, -2.1, -2.0, -1.9, -1.8, -1.7, -1.6, -1.5, -1.4, -1.3, -1.2, -1.1, -1.0, -0.9, -0.8, -0.7, -0.6, -0.5, -0.4, -0.3, -0.2, -0.1, 0.0, 0.1, 0.2, 0.3, 0.4, 0.5, 0.6, 0.7, 0.8, 0.9, 1.0, 1.1, 1.2, 1.3, 1.4, 1.5, 1.6, 1.7, 1.8, 1.9, 2.0, 2.1, 2.2, 2.3, 2.4, 2.5, 2.6, 2.7, 2.8, 2.9, 3.0, 3.1, 3.2, 3.3, 3.4, 3.5, 3.6, 3.7, 3.8, 3.9, 4.0, 4.1, 4.2, 4.3, 4.4, 4.5, 4.6, 4.7, 4.8, 4.9, 5.0, 5.1, 5.2, 5.3, 5.4, 5.5, 5.6, 5.7, 5.8, 5.9, 6.0, 6.1, 6.2, 6.3, 6.4, 6.5, 6.6, 6.7, 6.8, 6.9, 7.0, 7.1, 7.2, 7.3, 7.4, 7.5, 7.6, 7.7, 7.8, 7.9, 8.0, 8.1, 8.2, 8.3, 8.4, 8.5, 8.6, 8.7, 8.8, 8.9, 9.0, 9.1, 9.2, 9.3, 9.4, 9.5, 9.6, 9.7, 9.8, 9.9, 10.0], 'fitness_function': 'sigmoid_rmse', 'minimization': True, 'seed': 30, 'log_path': '../../data/results/final_comparison/credit/log_config_id_49.csv', 'verbose': False, 'log_level': 1, 'test_elite': True, 'p_xo': 0.8, 'max_depth': 17}}","{'train': {'rmse': 0.394900918006897, 'wrmse': 0.5652056336402893, 'accuracy': 0.8055908679962158, 'roc_auc': 0.5687695741653442, 'f1_score': 0.04968944564461708, 'precision': 1.0, 'recall': 0.025477707386016846}, 'test': {'rmse': 0.41427087783813477, 'wrmse': 0.5850505828857422, 'accuracy': 0.7899408340454102, 'roc_auc': 0.45506536960601807, 'f1_score': 0.0, 'precision': 0.0, 'recall': 0.0}}",119
